2026/06/13 23:24:32.948, 8, 2, 17, [N/A], 60, 1410, 6000, P0
2026/06/13 23:24:33.957, 0, 1, 17, [N/A], 60, 1410, 6000, P0
2026/06/13 23:24:34.961, 0, 1, 2464, [N/A], 60, 1410, 5750, P2
2026/06/13 23:24:35.966, 35, 3, 2476, [N/A], 61, 1410, 5750, P2
2026/06/13 23:24:36.971, 100, 4, 2476, [N/A], 61, 1410, 5750, P2
2026/06/13 23:24:37.976, 100, 4, 2476, [N/A], 61, 1410, 5750, P2
2026/06/13 23:24:38.980, 100, 4, 2478, [N/A], 61, 1410, 5750, P2
2026/06/13 23:24:39.985, 100, 4, 2478, [N/A], 61, 1410, 5750, P2
2026/06/13 23:24:40.989, 100, 4, 2480, [N/A], 61, 1410, 5750, P2
2026/06/13 23:24:41.993, 100, 4, 2480, [N/A], 61, 1410, 5750, P2
2026/06/13 23:24:42.997, 100, 4, 2480, [N/A], 61, 1410, 5750, P2
2026/06/13 23:24:44.002, 98, 4, 2482, [N/A], 61, 1410, 5750, P2
2026/06/13 23:24:45.006, 100, 4, 2482, [N/A], 61, 1410, 5750, P2
2026/06/13 23:24:46.010, 100, 4, 2484, [N/A], 61, 1410, 5750, P2
2026/06/13 23:24:47.014, 100, 4, 2484, [N/A], 61, 1410, 5750, P2
2026/06/13 23:24:48.018, 100, 4, 2486, [N/A], 61, 1410, 5750, P2
2026/06/13 23:24:49.022, 100, 4, 2486, [N/A], 61, 1410, 5750, P2
2026/06/13 23:24:50.027, 100, 4, 2486, [N/A], 60, 1410, 5750, P2
2026/06/13 23:24:51.031, 100, 4, 2488, [N/A], 60, 1410, 5750, P2
2026/06/13 23:24:52.035, 100, 4, 2488, [N/A], 60, 1410, 5750, P2
2026/06/13 23:24:53.039, 100, 4, 2488, [N/A], 60, 1410, 5750, P2
2026/06/13 23:24:54.043, 100, 4, 2490, [N/A], 60, 1410, 5750, P2
2026/06/13 23:24:55.048, 100, 4, 2490, [N/A], 60, 1410, 5750, P2
2026/06/13 23:24:56.052, 100, 4, 2492, [N/A], 60, 1410, 5750, P2
2026/06/13 23:24:57.056, 100, 4, 2492, [N/A], 60, 1410, 5750, P2
2026/06/13 23:24:58.061, 100, 4, 2492, [N/A], 60, 1410, 5750, P2
2026/06/13 23:24:59.065, 100, 4, 2494, [N/A], 60, 1410, 5750, P2
2026/06/13 23:25:00.069, 100, 4, 2494, [N/A], 60, 1410, 5750, P2
2026/06/13 23:25:01.074, 100, 4, 2494, [N/A], 60, 1410, 5750, P2
2026/06/13 23:25:02.078, 100, 4, 2496, [N/A], 59, 1410, 5750, P2
2026/06/13 23:25:03.082, 100, 4, 2496, [N/A], 59, 1410, 5750, P2
2026/06/13 23:25:04.086, 100, 4, 2496, [N/A], 59, 1410, 5750, P2
2026/06/13 23:25:05.091, 100, 4, 2496, [N/A], 59, 1410, 5750, P2
2026/06/13 23:25:06.095, 100, 4, 2498, [N/A], 59, 1410, 5750, P2
2026/06/13 23:25:07.100, 100, 4, 2498, [N/A], 59, 1410, 5750, P2
2026/06/13 23:25:08.104, 100, 4, 2498, [N/A], 59, 1410, 5750, P2
2026/06/13 23:25:09.108, 100, 4, 2500, [N/A], 59, 1410, 5750, P2
2026/06/13 23:25:10.113, 100, 4, 2500, [N/A], 59, 1410, 5750, P2
2026/06/13 23:25:11.117, 100, 4, 2500, [N/A], 59, 1410, 5750, P2
2026/06/13 23:25:12.121, 100, 4, 2502, [N/A], 59, 1410, 5750, P2
2026/06/13 23:25:13.126, 100, 4, 2502, [N/A], 58, 1410, 5750, P2
2026/06/13 23:25:14.130, 100, 4, 2502, [N/A], 58, 1410, 5750, P2
2026/06/13 23:25:15.134, 100, 4, 2502, [N/A], 58, 1410, 5750, P2
2026/06/13 23:25:16.139, 100, 4, 2504, [N/A], 58, 1410, 5750, P2
2026/06/13 23:25:17.143, 100, 4, 2504, [N/A], 58, 1410, 5750, P2
2026/06/13 23:25:18.148, 100, 4, 2504, [N/A], 58, 1410, 5750, P2
2026/06/13 23:25:19.152, 100, 4, 2504, [N/A], 58, 1410, 5750, P2
2026/06/13 23:25:20.156, 100, 4, 2506, [N/A], 58, 1410, 5750, P2
2026/06/13 23:25:21.161, 100, 4, 2506, [N/A], 58, 1410, 5750, P2
2026/06/13 23:25:22.165, 100, 4, 2506, [N/A], 58, 1410, 5750, P2
2026/06/13 23:25:23.169, 100, 4, 2508, [N/A], 58, 1410, 5750, P2
2026/06/13 23:25:24.174, 100, 4, 2508, [N/A], 58, 1410, 5750, P2
2026/06/13 23:25:25.178, 100, 4, 2508, [N/A], 58, 1410, 5750, P2
2026/06/13 23:25:26.182, 100, 4, 2508, [N/A], 58, 1410, 5750, P2
2026/06/13 23:25:27.187, 100, 4, 2510, [N/A], 58, 1410, 5750, P2
2026/06/13 23:25:28.191, 100, 4, 2510, [N/A], 58, 1410, 5750, P2
2026/06/13 23:25:29.195, 100, 4, 2510, [N/A], 58, 1410, 5750, P2
2026/06/13 23:25:30.199, 100, 4, 2510, [N/A], 58, 1410, 5750, P2
2026/06/13 23:25:31.204, 100, 4, 2512, [N/A], 58, 1410, 5750, P2
2026/06/13 23:25:32.208, 100, 4, 2512, [N/A], 58, 1410, 5750, P2
2026/06/13 23:25:33.212, 100, 4, 2512, [N/A], 58, 1410, 5750, P2
2026/06/13 23:25:34.216, 100, 4, 2512, [N/A], 58, 1410, 5750, P2
2026/06/13 23:25:35.221, 100, 4, 2512, [N/A], 58, 1410, 5750, P2
2026/06/13 23:25:36.227, 100, 4, 2514, [N/A], 58, 1410, 5750, P2
2026/06/13 23:25:37.233, 100, 4, 2514, [N/A], 58, 1410, 5750, P2
2026/06/13 23:25:38.237, 100, 4, 2514, [N/A], 58, 1410, 5750, P2
2026/06/13 23:25:39.242, 100, 4, 2514, [N/A], 58, 1410, 5750, P2
2026/06/13 23:25:40.246, 100, 4, 2516, [N/A], 58, 1410, 5750, P2
2026/06/13 23:25:41.250, 100, 4, 2516, [N/A], 58, 1410, 5750, P2
2026/06/13 23:25:42.254, 100, 4, 2516, [N/A], 58, 1410, 5750, P2
2026/06/13 23:25:43.259, 100, 4, 2516, [N/A], 58, 1410, 5750, P2
2026/06/13 23:25:44.263, 100, 4, 2518, [N/A], 59, 1410, 5750, P2
2026/06/13 23:25:45.267, 100, 4, 2518, [N/A], 59, 1410, 5750, P2
2026/06/13 23:25:46.272, 100, 4, 2518, [N/A], 59, 1410, 5750, P2
2026/06/13 23:25:47.276, 100, 4, 2518, [N/A], 59, 1410, 5750, P2
2026/06/13 23:25:48.280, 100, 4, 2518, [N/A], 59, 1410, 5750, P2
2026/06/13 23:25:49.284, 100, 4, 2520, [N/A], 59, 1410, 5750, P2
2026/06/13 23:25:50.288, 100, 4, 2520, [N/A], 59, 1410, 5750, P2
2026/06/13 23:25:51.293, 100, 4, 2520, [N/A], 59, 1410, 5750, P2
2026/06/13 23:25:52.297, 100, 4, 2520, [N/A], 59, 1410, 5750, P2
2026/06/13 23:25:53.301, 100, 4, 2520, [N/A], 59, 1410, 5750, P2
2026/06/13 23:25:54.306, 100, 4, 2522, [N/A], 59, 1410, 5750, P2
2026/06/13 23:25:55.310, 100, 4, 2522, [N/A], 59, 1410, 5750, P2
2026/06/13 23:25:56.314, 100, 4, 2522, [N/A], 59, 1410, 5750, P2
2026/06/13 23:25:57.318, 100, 4, 2522, [N/A], 60, 1410, 5750, P2
2026/06/13 23:25:58.322, 100, 4, 2522, [N/A], 60, 1410, 5750, P2
2026/06/13 23:25:59.327, 100, 4, 2524, [N/A], 59, 1410, 5750, P2
2026/06/13 23:26:00.331, 100, 4, 2524, [N/A], 60, 1410, 5750, P2
2026/06/13 23:26:01.335, 100, 4, 2524, [N/A], 60, 1410, 5750, P2
2026/06/13 23:26:02.339, 100, 4, 2524, [N/A], 60, 1410, 5750, P2
2026/06/13 23:26:03.344, 100, 4, 2524, [N/A], 60, 1410, 5750, P2
2026/06/13 23:26:04.348, 100, 4, 2526, [N/A], 60, 1410, 5750, P2
2026/06/13 23:26:05.352, 100, 4, 2526, [N/A], 60, 1410, 5750, P2
2026/06/13 23:26:06.356, 100, 4, 2526, [N/A], 60, 1410, 5750, P2
2026/06/13 23:26:07.361, 100, 4, 2526, [N/A], 60, 1410, 5750, P2
2026/06/13 23:26:08.365, 100, 4, 2526, [N/A], 60, 1410, 5750, P2
2026/06/13 23:26:09.369, 100, 4, 2528, [N/A], 60, 1410, 5750, P2
2026/06/13 23:26:10.373, 100, 4, 2528, [N/A], 60, 1410, 5750, P2
2026/06/13 23:26:11.378, 100, 4, 2528, [N/A], 60, 1410, 5750, P2
2026/06/13 23:26:12.382, 100, 4, 2528, [N/A], 60, 1410, 5750, P2
2026/06/13 23:26:13.386, 100, 4, 2528, [N/A], 60, 1410, 5750, P2
2026/06/13 23:26:14.390, 100, 4, 2530, [N/A], 61, 1410, 5750, P2
2026/06/13 23:26:15.395, 100, 4, 2530, [N/A], 61, 1410, 5750, P2
2026/06/13 23:26:16.399, 100, 4, 2530, [N/A], 61, 1410, 5750, P2
2026/06/13 23:26:17.404, 100, 4, 2530, [N/A], 61, 1410, 5750, P2
2026/06/13 23:26:18.408, 100, 4, 2530, [N/A], 61, 1410, 5750, P2
2026/06/13 23:26:19.413, 100, 4, 2532, [N/A], 61, 1410, 5750, P2
2026/06/13 23:26:20.417, 100, 4, 2532, [N/A], 61, 1410, 5750, P2
2026/06/13 23:26:21.421, 100, 4, 2532, [N/A], 61, 1410, 5750, P2
2026/06/13 23:26:22.425, 100, 4, 2532, [N/A], 61, 1410, 5750, P2
2026/06/13 23:26:23.430, 100, 4, 2532, [N/A], 61, 1410, 5750, P2
2026/06/13 23:26:24.434, 100, 4, 2532, [N/A], 61, 1410, 5750, P2
2026/06/13 23:26:25.438, 100, 4, 2534, [N/A], 61, 1410, 5750, P2
2026/06/13 23:26:26.443, 100, 4, 2534, [N/A], 61, 1410, 5750, P2
2026/06/13 23:26:27.447, 100, 4, 2534, [N/A], 61, 1410, 5750, P2
2026/06/13 23:26:28.451, 100, 4, 2534, [N/A], 61, 1410, 5750, P2
2026/06/13 23:26:29.456, 100, 4, 2534, [N/A], 61, 1410, 5750, P2
2026/06/13 23:26:30.460, 100, 4, 2536, [N/A], 60, 1410, 5750, P2
2026/06/13 23:26:31.464, 100, 4, 2536, [N/A], 60, 1410, 5750, P2
2026/06/13 23:26:32.469, 100, 4, 2536, [N/A], 60, 1410, 5750, P2
2026/06/13 23:26:33.473, 100, 4, 2536, [N/A], 60, 1410, 5750, P2
2026/06/13 23:26:34.477, 100, 4, 2536, [N/A], 60, 1410, 5750, P2
2026/06/13 23:26:35.481, 100, 3, 2536, [N/A], 60, 1410, 5750, P2
2026/06/13 23:26:36.486, 100, 3, 2538, [N/A], 60, 1410, 5750, P2
2026/06/13 23:26:37.491, 100, 4, 2538, [N/A], 60, 1410, 5750, P2
2026/06/13 23:26:38.496, 100, 4, 2538, [N/A], 60, 1410, 5750, P2
2026/06/13 23:26:39.501, 100, 4, 2538, [N/A], 60, 1410, 5750, P2
2026/06/13 23:26:40.506, 100, 4, 2538, [N/A], 60, 1410, 5750, P2
2026/06/13 23:26:41.510, 100, 3, 2538, [N/A], 60, 1410, 5750, P2
2026/06/13 23:26:42.515, 100, 4, 2540, [N/A], 60, 1410, 5750, P2
2026/06/13 23:26:43.519, 100, 4, 2540, [N/A], 60, 1410, 5750, P2
2026/06/13 23:26:44.523, 100, 4, 2540, [N/A], 60, 1410, 5750, P2
2026/06/13 23:26:45.527, 100, 3, 2540, [N/A], 60, 1410, 5750, P2
2026/06/13 23:26:46.532, 100, 4, 2540, [N/A], 60, 1410, 5750, P2
2026/06/13 23:26:47.536, 100, 4, 2540, [N/A], 60, 1410, 5750, P2
2026/06/13 23:26:48.540, 100, 3, 2542, [N/A], 59, 1410, 5750, P2
2026/06/13 23:26:49.545, 100, 4, 2542, [N/A], 59, 1410, 5750, P2
2026/06/13 23:26:50.550, 100, 4, 2542, [N/A], 59, 1410, 5750, P2
2026/06/13 23:26:51.554, 100, 3, 2542, [N/A], 59, 1410, 5750, P2
2026/06/13 23:26:52.558, 100, 4, 2542, [N/A], 59, 1410, 5750, P2
2026/06/13 23:26:53.563, 100, 4, 2542, [N/A], 59, 1410, 5750, P2
2026/06/13 23:26:54.567, 100, 4, 2544, [N/A], 59, 1410, 5750, P2
2026/06/13 23:26:55.572, 100, 4, 2544, [N/A], 59, 1410, 5750, P2
2026/06/13 23:26:56.576, 100, 4, 2544, [N/A], 59, 1410, 5750, P2
2026/06/13 23:26:57.580, 100, 4, 2544, [N/A], 59, 1410, 5750, P2
2026/06/13 23:26:58.584, 100, 4, 2544, [N/A], 59, 1410, 5750, P2
2026/06/13 23:26:59.589, 100, 4, 2544, [N/A], 59, 1410, 5750, P2
2026/06/13 23:27:00.593, 100, 4, 2546, [N/A], 59, 1410, 5750, P2
2026/06/13 23:27:01.597, 100, 4, 2546, [N/A], 58, 1410, 5750, P2
2026/06/13 23:27:02.602, 100, 4, 2546, [N/A], 58, 1410, 5750, P2
2026/06/13 23:27:03.606, 100, 3, 2546, [N/A], 58, 1410, 5750, P2
2026/06/13 23:27:04.613, 100, 4, 2546, [N/A], 58, 1410, 5750, P2
2026/06/13 23:27:05.620, 100, 3, 2546, [N/A], 58, 1410, 5750, P2
2026/06/13 23:27:06.624, 100, 4, 2548, [N/A], 58, 1410, 5750, P2
2026/06/13 23:27:07.629, 100, 4, 2548, [N/A], 58, 1410, 5750, P2
2026/06/13 23:27:08.634, 100, 3, 2548, [N/A], 58, 1410, 5750, P2
2026/06/13 23:27:09.639, 100, 4, 2548, [N/A], 58, 1410, 5750, P2
2026/06/13 23:27:10.644, 100, 3, 2548, [N/A], 58, 1410, 5750, P2
2026/06/13 23:27:11.648, 100, 3, 2548, [N/A], 58, 1410, 5750, P2
2026/06/13 23:27:12.902, 100, 4, 2548, [N/A], 58, 1410, 5750, P2
2026/06/13 23:27:13.907, 100, 3, 2550, [N/A], 58, 1410, 5750, P2
2026/06/13 23:27:14.916, 100, 3, 2550, [N/A], 58, 1410, 5750, P2
2026/06/13 23:27:15.920, 100, 4, 2550, [N/A], 58, 1410, 5750, P2
2026/06/13 23:27:16.925, 100, 3, 2550, [N/A], 58, 1410, 5750, P2
2026/06/13 23:27:17.929, 100, 3, 2550, [N/A], 58, 1410, 5750, P2
2026/06/13 23:27:18.933, 100, 3, 2550, [N/A], 58, 1410, 5750, P2
2026/06/13 23:27:19.938, 100, 4, 2552, [N/A], 58, 1410, 5750, P2
2026/06/13 23:27:20.942, 100, 4, 2552, [N/A], 58, 1410, 5750, P2
2026/06/13 23:27:21.947, 100, 4, 2552, [N/A], 58, 1410, 5750, P2
2026/06/13 23:27:22.951, 100, 4, 2552, [N/A], 58, 1410, 5750, P2
2026/06/13 23:27:23.955, 100, 4, 2552, [N/A], 58, 1410, 5750, P2
2026/06/13 23:27:24.960, 100, 4, 2552, [N/A], 58, 1410, 5750, P2
2026/06/13 23:27:25.964, 100, 4, 2552, [N/A], 58, 1410, 5750, P2
2026/06/13 23:27:26.969, 100, 4, 2554, [N/A], 58, 1410, 5750, P2
2026/06/13 23:27:27.973, 100, 4, 2554, [N/A], 59, 1410, 5750, P2
2026/06/13 23:27:28.978, 100, 3, 2554, [N/A], 59, 1410, 5750, P2
2026/06/13 23:27:29.984, 100, 3, 2554, [N/A], 59, 1410, 5750, P2
2026/06/13 23:27:30.989, 100, 3, 2554, [N/A], 59, 1410, 5750, P2
2026/06/13 23:27:31.994, 100, 3, 2554, [N/A], 59, 1410, 5750, P2
2026/06/13 23:27:32.999, 100, 3, 2554, [N/A], 59, 1410, 5750, P2
2026/06/13 23:27:34.003, 100, 4, 2556, [N/A], 59, 1410, 5750, P2
2026/06/13 23:27:35.008, 100, 4, 2556, [N/A], 59, 1410, 5750, P2
2026/06/13 23:27:36.012, 100, 4, 2556, [N/A], 59, 1410, 5750, P2
2026/06/13 23:27:37.016, 100, 4, 2556, [N/A], 59, 1410, 5750, P2
2026/06/13 23:27:38.021, 100, 4, 2556, [N/A], 59, 1410, 5750, P2
2026/06/13 23:27:39.025, 100, 4, 2556, [N/A], 59, 1410, 5750, P2
2026/06/13 23:27:40.029, 100, 4, 2556, [N/A], 59, 1410, 5750, P2
2026/06/13 23:27:41.033, 100, 4, 2558, [N/A], 59, 1410, 5750, P2
2026/06/13 23:27:42.038, 100, 4, 2558, [N/A], 59, 1410, 5750, P2
2026/06/13 23:27:43.042, 100, 4, 2558, [N/A], 60, 1410, 5750, P2
2026/06/13 23:27:44.046, 100, 4, 2558, [N/A], 60, 1410, 5750, P2
2026/06/13 23:27:45.050, 100, 4, 2558, [N/A], 60, 1410, 5750, P2
2026/06/13 23:27:46.055, 100, 4, 2558, [N/A], 60, 1410, 5750, P2
2026/06/13 23:27:47.059, 100, 4, 2558, [N/A], 60, 1410, 5750, P2
2026/06/13 23:27:48.063, 100, 4, 2560, [N/A], 60, 1410, 5750, P2
2026/06/13 23:27:49.068, 100, 4, 2560, [N/A], 60, 1410, 5750, P2
2026/06/13 23:27:50.072, 100, 4, 2560, [N/A], 60, 1410, 5750, P2
2026/06/13 23:27:51.077, 100, 3, 2560, [N/A], 60, 1410, 5750, P2
2026/06/13 23:27:52.081, 100, 3, 2560, [N/A], 60, 1410, 5750, P2
2026/06/13 23:27:53.085, 100, 4, 2560, [N/A], 60, 1410, 5750, P2
2026/06/13 23:27:54.090, 100, 4, 2560, [N/A], 60, 1410, 5750, P2
2026/06/13 23:27:55.094, 100, 4, 2562, [N/A], 60, 1410, 5750, P2
2026/06/13 23:27:56.098, 100, 4, 2562, [N/A], 61, 1410, 5750, P2
2026/06/13 23:27:57.103, 100, 4, 2562, [N/A], 61, 1410, 5750, P2
2026/06/13 23:27:58.107, 100, 3, 2562, [N/A], 60, 1410, 5750, P2
2026/06/13 23:27:59.111, 100, 4, 2562, [N/A], 60, 1410, 5750, P2
2026/06/13 23:28:00.115, 100, 4, 2562, [N/A], 61, 1410, 5750, P2
2026/06/13 23:28:01.120, 100, 4, 2562, [N/A], 61, 1410, 5750, P2
2026/06/13 23:28:02.124, 100, 4, 2564, [N/A], 61, 1410, 5750, P2
2026/06/13 23:28:03.128, 100, 3, 2564, [N/A], 61, 1410, 5750, P2
2026/06/13 23:28:04.132, 100, 4, 2564, [N/A], 61, 1410, 5750, P2
2026/06/13 23:28:05.137, 100, 4, 2564, [N/A], 61, 1410, 5750, P2
2026/06/13 23:28:06.141, 100, 4, 2564, [N/A], 61, 1410, 5750, P2
2026/06/13 23:28:07.146, 100, 3, 2564, [N/A], 61, 1410, 5750, P2
2026/06/13 23:28:08.150, 100, 4, 2564, [N/A], 61, 1410, 5750, P2
2026/06/13 23:28:09.154, 100, 4, 2564, [N/A], 61, 1410, 5750, P2
2026/06/13 23:28:10.159, 100, 4, 2566, [N/A], 60, 1410, 5750, P2
2026/06/13 23:28:11.163, 100, 3, 2566, [N/A], 60, 1410, 5750, P2
2026/06/13 23:28:12.167, 100, 4, 2566, [N/A], 60, 1410, 5750, P2
2026/06/13 23:28:13.172, 100, 4, 2566, [N/A], 60, 1410, 5750, P2
2026/06/13 23:28:14.177, 100, 3, 2566, [N/A], 60, 1410, 5750, P2
2026/06/13 23:28:15.182, 100, 4, 2566, [N/A], 60, 1410, 5750, P2
2026/06/13 23:28:16.186, 100, 4, 2566, [N/A], 60, 1410, 5750, P2
2026/06/13 23:28:17.191, 100, 3, 2568, [N/A], 60, 1410, 5750, P2
2026/06/13 23:28:18.195, 100, 4, 2568, [N/A], 60, 1410, 5750, P2
2026/06/13 23:28:19.199, 100, 4, 2568, [N/A], 60, 1410, 5750, P2
2026/06/13 23:28:20.204, 100, 3, 2568, [N/A], 60, 1410, 5750, P2
2026/06/13 23:28:21.208, 100, 4, 2568, [N/A], 60, 1410, 5750, P2
2026/06/13 23:28:22.214, 100, 3, 2568, [N/A], 60, 1410, 5750, P2
2026/06/13 23:28:23.220, 100, 3, 2568, [N/A], 60, 1410, 5750, P2
2026/06/13 23:28:24.225, 100, 4, 2568, [N/A], 60, 1410, 5750, P2
2026/06/13 23:28:25.230, 100, 4, 2570, [N/A], 60, 1410, 5750, P2
2026/06/13 23:28:26.234, 100, 4, 2570, [N/A], 60, 1410, 5750, P2
2026/06/13 23:28:27.238, 100, 3, 2570, [N/A], 59, 1410, 5750, P2
2026/06/13 23:28:28.243, 100, 4, 2570, [N/A], 59, 1410, 5750, P2
2026/06/13 23:28:29.247, 100, 4, 2570, [N/A], 59, 1410, 5750, P2
2026/06/13 23:28:30.251, 100, 3, 2570, [N/A], 59, 1410, 5750, P2
2026/06/13 23:28:31.256, 100, 4, 2570, [N/A], 59, 1410, 5750, P2
2026/06/13 23:28:32.260, 100, 3, 2570, [N/A], 59, 1410, 5750, P2
2026/06/13 23:28:33.264, 100, 4, 2572, [N/A], 59, 1410, 5750, P2
2026/06/13 23:28:34.269, 100, 3, 2572, [N/A], 59, 1410, 5750, P2
2026/06/13 23:28:35.273, 100, 4, 2572, [N/A], 59, 1410, 5750, P2
2026/06/13 23:28:36.277, 100, 3, 2572, [N/A], 59, 1410, 5750, P2
2026/06/13 23:28:37.282, 100, 4, 2572, [N/A], 59, 1410, 5750, P2
2026/06/13 23:28:38.286, 100, 3, 2572, [N/A], 59, 1410, 5750, P2
2026/06/13 23:28:39.290, 100, 4, 2572, [N/A], 59, 1410, 5750, P2
2026/06/13 23:28:40.294, 100, 3, 2572, [N/A], 59, 1410, 5750, P2
2026/06/13 23:28:41.299, 100, 4, 2574, [N/A], 59, 1410, 5750, P2
2026/06/13 23:28:42.303, 100, 3, 2574, [N/A], 58, 1410, 5750, P2
2026/06/13 23:28:43.307, 100, 4, 2574, [N/A], 59, 1410, 5750, P2
2026/06/13 23:28:44.312, 100, 3, 2574, [N/A], 58, 1410, 5750, P2
2026/06/13 23:28:45.316, 100, 4, 2574, [N/A], 58, 1410, 5750, P2
2026/06/13 23:28:46.321, 100, 3, 2574, [N/A], 58, 1410, 5750, P2
2026/06/13 23:28:47.325, 100, 4, 2574, [N/A], 58, 1410, 5750, P2
2026/06/13 23:28:48.329, 100, 3, 2574, [N/A], 58, 1410, 5750, P2
2026/06/13 23:28:49.333, 100, 3, 2576, [N/A], 58, 1410, 5750, P2
2026/06/13 23:28:50.338, 100, 4, 2576, [N/A], 58, 1410, 5750, P2
2026/06/13 23:28:51.342, 100, 3, 2576, [N/A], 58, 1410, 5750, P2
2026/06/13 23:28:52.346, 100, 4, 2576, [N/A], 58, 1410, 5750, P2
2026/06/13 23:28:53.351, 100, 3, 2576, [N/A], 58, 1410, 5750, P2
2026/06/13 23:28:54.355, 100, 3, 2576, [N/A], 58, 1410, 5750, P2
2026/06/13 23:28:55.359, 100, 4, 2576, [N/A], 58, 1410, 5750, P2
2026/06/13 23:28:56.363, 100, 3, 2576, [N/A], 58, 1410, 5750, P2
2026/06/13 23:28:57.367, 100, 4, 2578, [N/A], 58, 1410, 5750, P2
2026/06/13 23:28:58.372, 100, 3, 2578, [N/A], 58, 1410, 5750, P2
2026/06/13 23:28:59.376, 100, 3, 2578, [N/A], 58, 1410, 5750, P2
2026/06/13 23:29:00.380, 100, 4, 2578, [N/A], 58, 1410, 5750, P2
2026/06/13 23:29:01.384, 100, 3, 2578, [N/A], 58, 1410, 5750, P2
2026/06/13 23:29:02.389, 100, 3, 2578, [N/A], 58, 1410, 5750, P2
2026/06/13 23:29:03.393, 100, 4, 2578, [N/A], 58, 1410, 5750, P2
2026/06/13 23:29:04.397, 100, 3, 2578, [N/A], 58, 1410, 5750, P2
2026/06/13 23:29:05.401, 100, 3, 2578, [N/A], 58, 1410, 5750, P2
2026/06/13 23:29:06.405, 100, 4, 2580, [N/A], 59, 1410, 5750, P2
2026/06/13 23:29:07.410, 100, 3, 2580, [N/A], 59, 1410, 5750, P2
2026/06/13 23:29:08.414, 100, 3, 2580, [N/A], 59, 1410, 5750, P2
2026/06/13 23:29:09.418, 100, 4, 2580, [N/A], 59, 1410, 5750, P2
2026/06/13 23:29:10.422, 100, 3, 2580, [N/A], 59, 1410, 5750, P2
2026/06/13 23:29:11.426, 100, 3, 2580, [N/A], 59, 1410, 5750, P2
2026/06/13 23:29:12.431, 100, 4, 2580, [N/A], 59, 1410, 5750, P2
2026/06/13 23:29:13.435, 100, 3, 2580, [N/A], 59, 1410, 5750, P2
2026/06/13 23:29:14.439, 100, 3, 2582, [N/A], 59, 1410, 5750, P2
2026/06/13 23:29:15.443, 100, 3, 2582, [N/A], 59, 1410, 5750, P2
2026/06/13 23:29:16.448, 100, 3, 2582, [N/A], 59, 1410, 5750, P2
2026/06/13 23:29:17.452, 100, 3, 2582, [N/A], 59, 1410, 5750, P2
2026/06/13 23:29:18.456, 100, 3, 2582, [N/A], 59, 1410, 5750, P2
2026/06/13 23:29:19.460, 100, 3, 2582, [N/A], 59, 1410, 5750, P2
2026/06/13 23:29:20.464, 100, 4, 2582, [N/A], 59, 1410, 5750, P2
2026/06/13 23:29:21.469, 100, 3, 2582, [N/A], 59, 1410, 5750, P2
2026/06/13 23:29:22.473, 100, 3, 2582, [N/A], 60, 1410, 5750, P2
2026/06/13 23:29:23.478, 100, 4, 2584, [N/A], 60, 1410, 5750, P2
2026/06/13 23:29:24.482, 100, 4, 2584, [N/A], 60, 1410, 5750, P2
2026/06/13 23:29:25.487, 100, 3, 2584, [N/A], 60, 1410, 5750, P2
2026/06/13 23:29:26.492, 100, 3, 2584, [N/A], 60, 1410, 5750, P2
2026/06/13 23:29:27.498, 100, 3, 2584, [N/A], 60, 1410, 5750, P2
2026/06/13 23:29:28.503, 100, 3, 2584, [N/A], 60, 1410, 5750, P2
2026/06/13 23:29:29.508, 100, 4, 2584, [N/A], 60, 1410, 5750, P2
2026/06/13 23:29:30.512, 100, 3, 2584, [N/A], 60, 1410, 5750, P2
2026/06/13 23:29:31.516, 100, 3, 2586, [N/A], 60, 1410, 5750, P2
2026/06/13 23:29:32.521, 100, 4, 2586, [N/A], 60, 1410, 5750, P2
2026/06/13 23:29:33.525, 100, 3, 2586, [N/A], 60, 1410, 5750, P2
2026/06/13 23:29:34.529, 100, 4, 2586, [N/A], 60, 1410, 5750, P2
2026/06/13 23:29:35.533, 100, 3, 2586, [N/A], 61, 1410, 5750, P2
2026/06/13 23:29:36.538, 100, 3, 2586, [N/A], 60, 1410, 5750, P2
2026/06/13 23:29:37.542, 100, 3, 2586, [N/A], 61, 1410, 5750, P2
2026/06/13 23:29:38.546, 100, 3, 2586, [N/A], 61, 1410, 5750, P2
2026/06/13 23:29:39.550, 100, 3, 2586, [N/A], 61, 1410, 5750, P2
2026/06/13 23:29:40.554, 100, 4, 2588, [N/A], 61, 1410, 5750, P2
2026/06/13 23:29:41.559, 100, 3, 2588, [N/A], 61, 1410, 5750, P2
2026/06/13 23:29:42.563, 100, 3, 2588, [N/A], 61, 1410, 5750, P2
2026/06/13 23:29:43.567, 100, 3, 2588, [N/A], 61, 1410, 5750, P2
2026/06/13 23:29:44.571, 100, 3, 2588, [N/A], 61, 1410, 5750, P2
2026/06/13 23:29:45.576, 100, 3, 2588, [N/A], 61, 1410, 5750, P2
2026/06/13 23:29:46.580, 100, 3, 2588, [N/A], 61, 1410, 5750, P2
2026/06/13 23:29:47.584, 100, 3, 2588, [N/A], 61, 1410, 5750, P2
2026/06/13 23:29:48.588, 100, 3, 2588, [N/A], 61, 1410, 5750, P2
2026/06/13 23:29:49.592, 100, 4, 2590, [N/A], 61, 1410, 5750, P2
2026/06/13 23:29:50.597, 100, 3, 2590, [N/A], 61, 1410, 5750, P2
2026/06/13 23:29:51.601, 100, 3, 2590, [N/A], 61, 1410, 5750, P2
2026/06/13 23:29:52.605, 100, 3, 2590, [N/A], 61, 1410, 5750, P2
2026/06/13 23:29:53.609, 100, 3, 2590, [N/A], 60, 1410, 5750, P2
2026/06/13 23:29:54.614, 100, 3, 2590, [N/A], 60, 1410, 5750, P2
2026/06/13 23:29:55.618, 100, 3, 2590, [N/A], 60, 1410, 5750, P2
2026/06/13 23:29:56.622, 100, 3, 2590, [N/A], 60, 1410, 5750, P2
2026/06/13 23:29:57.626, 100, 3, 2590, [N/A], 60, 1410, 5750, P2
2026/06/13 23:29:58.631, 100, 3, 2592, [N/A], 60, 1410, 5750, P2
2026/06/13 23:29:59.635, 100, 3, 2592, [N/A], 60, 1410, 5750, P2
2026/06/13 23:30:00.639, 100, 3, 2592, [N/A], 60, 1410, 5750, P2
2026/06/13 23:30:01.643, 100, 3, 2592, [N/A], 60, 1410, 5750, P2
2026/06/13 23:30:02.648, 100, 3, 2592, [N/A], 60, 1410, 5750, P2
2026/06/13 23:30:03.652, 100, 3, 2592, [N/A], 60, 1410, 5750, P2
2026/06/13 23:30:04.656, 100, 3, 2592, [N/A], 60, 1410, 5750, P2
2026/06/13 23:30:05.660, 100, 3, 2592, [N/A], 60, 1410, 5750, P2
2026/06/13 23:30:06.665, 100, 3, 2592, [N/A], 59, 1410, 5750, P2
2026/06/13 23:30:07.669, 100, 3, 2592, [N/A], 60, 1410, 5750, P2
2026/06/13 23:30:08.673, 100, 4, 2594, [N/A], 59, 1410, 5750, P2
2026/06/13 23:30:09.678, 100, 3, 2594, [N/A], 59, 1410, 5750, P2
2026/06/13 23:30:10.682, 100, 3, 2594, [N/A], 59, 1410, 5750, P2
2026/06/13 23:30:11.686, 100, 3, 2594, [N/A], 59, 1410, 5750, P2
2026/06/13 23:30:12.690, 100, 3, 2594, [N/A], 59, 1410, 5750, P2
2026/06/13 23:30:13.694, 100, 3, 2594, [N/A], 59, 1410, 5750, P2
2026/06/13 23:30:14.698, 100, 3, 2594, [N/A], 59, 1410, 5750, P2
2026/06/13 23:30:15.703, 100, 3, 2594, [N/A], 59, 1410, 5750, P2
2026/06/13 23:30:16.707, 100, 3, 2594, [N/A], 59, 1410, 5750, P2
2026/06/13 23:30:17.711, 100, 4, 2596, [N/A], 59, 1410, 5750, P2
2026/06/13 23:30:18.715, 100, 3, 2596, [N/A], 59, 1410, 5750, P2
2026/06/13 23:30:19.719, 100, 3, 2596, [N/A], 59, 1410, 5750, P2
2026/06/13 23:30:20.723, 100, 3, 2596, [N/A], 59, 1410, 5750, P2
2026/06/13 23:30:21.728, 100, 3, 2596, [N/A], 59, 1410, 5750, P2
2026/06/13 23:30:22.732, 100, 3, 2596, [N/A], 59, 1410, 5750, P2
2026/06/13 23:30:23.737, 100, 3, 2596, [N/A], 58, 1410, 5750, P2
2026/06/13 23:30:24.741, 100, 3, 2596, [N/A], 58, 1410, 5750, P2
2026/06/13 23:30:25.745, 100, 3, 2596, [N/A], 58, 1410, 5750, P2
2026/06/13 23:30:26.749, 100, 3, 2598, [N/A], 58, 1410, 5750, P2
2026/06/13 23:30:27.754, 100, 4, 2598, [N/A], 58, 1410, 5750, P2
2026/06/13 23:30:28.758, 100, 3, 2598, [N/A], 58, 1410, 5750, P2
2026/06/13 23:30:29.762, 100, 3, 2598, [N/A], 58, 1410, 5750, P2
2026/06/13 23:30:30.767, 100, 3, 2598, [N/A], 58, 1410, 5750, P2
2026/06/13 23:30:31.771, 100, 4, 2598, [N/A], 58, 1410, 5750, P2
2026/06/13 23:30:32.775, 100, 3, 2598, [N/A], 58, 1410, 5750, P2
2026/06/13 23:30:33.780, 100, 3, 2598, [N/A], 58, 1410, 5750, P2
2026/06/13 23:30:34.785, 100, 3, 2598, [N/A], 58, 1410, 5750, P2
2026/06/13 23:30:35.789, 100, 3, 2598, [N/A], 58, 1410, 5750, P2
2026/06/13 23:30:36.793, 100, 4, 2600, [N/A], 58, 1410, 5750, P2
2026/06/13 23:30:37.797, 100, 3, 2600, [N/A], 58, 1410, 5750, P2
2026/06/13 23:30:38.801, 100, 3, 2600, [N/A], 58, 1410, 5750, P2
2026/06/13 23:30:39.806, 100, 3, 2600, [N/A], 58, 1410, 5750, P2
2026/06/13 23:30:40.810, 100, 3, 2600, [N/A], 58, 1410, 5750, P2
2026/06/13 23:30:41.814, 100, 3, 2600, [N/A], 58, 1410, 5750, P2
2026/06/13 23:30:42.818, 100, 3, 2600, [N/A], 58, 1410, 5750, P2
2026/06/13 23:30:43.823, 100, 3, 2600, [N/A], 58, 1410, 5750, P2
2026/06/13 23:30:44.829, 100, 3, 2600, [N/A], 58, 1410, 5750, P2
2026/06/13 23:30:45.835, 100, 3, 2600, [N/A], 58, 1410, 5750, P2
2026/06/13 23:30:46.839, 99, 4, 2600, [N/A], 58, 1410, 5750, P2
2026/06/13 23:30:47.843, 100, 4, 2600, [N/A], 58, 1410, 5750, P2
2026/06/13 23:30:48.847, 100, 4, 2600, [N/A], 58, 1410, 5750, P2
2026/06/13 23:30:49.852, 100, 4, 2600, [N/A], 58, 1410, 5750, P2
2026/06/13 23:30:50.856, 100, 4, 2600, [N/A], 59, 1410, 5750, P2
2026/06/13 23:30:51.860, 100, 4, 2600, [N/A], 59, 1410, 5750, P2
2026/06/13 23:30:52.864, 100, 4, 2600, [N/A], 59, 1410, 5750, P2
2026/06/13 23:30:53.869, 100, 4, 2600, [N/A], 59, 1410, 5750, P2
2026/06/13 23:30:54.874, 100, 4, 2600, [N/A], 59, 1410, 5750, P2
2026/06/13 23:30:55.879, 100, 4, 2600, [N/A], 59, 1410, 5750, P2
2026/06/13 23:30:56.884, 100, 4, 2600, [N/A], 59, 1410, 5750, P2
2026/06/13 23:30:57.888, 100, 4, 2600, [N/A], 59, 1410, 5750, P2
2026/06/13 23:30:58.892, 100, 4, 2600, [N/A], 59, 1410, 5750, P2
2026/06/13 23:30:59.896, 100, 4, 2600, [N/A], 59, 1410, 5750, P2
2026/06/13 23:31:00.901, 100, 4, 2600, [N/A], 59, 1410, 5750, P2
2026/06/13 23:31:01.905, 100, 4, 2600, [N/A], 59, 1410, 5750, P2
2026/06/13 23:31:02.909, 100, 4, 2600, [N/A], 59, 1410, 5750, P2
2026/06/13 23:31:03.913, 100, 4, 2600, [N/A], 60, 1410, 5750, P2
2026/06/13 23:31:04.918, 100, 4, 2600, [N/A], 60, 1410, 5750, P2
2026/06/13 23:31:05.922, 100, 4, 2600, [N/A], 60, 1410, 5750, P2
2026/06/13 23:31:06.926, 100, 4, 2600, [N/A], 60, 1410, 5750, P2
2026/06/13 23:31:07.930, 100, 4, 2600, [N/A], 60, 1410, 5750, P2
2026/06/13 23:31:08.935, 100, 4, 2600, [N/A], 60, 1410, 5750, P2
2026/06/13 23:31:09.939, 100, 4, 2600, [N/A], 60, 1410, 5750, P2
2026/06/13 23:31:10.943, 100, 4, 2600, [N/A], 60, 1410, 5750, P2
2026/06/13 23:31:11.947, 100, 4, 2600, [N/A], 60, 1410, 5750, P2
2026/06/13 23:31:12.952, 100, 4, 2600, [N/A], 60, 1410, 5750, P2
2026/06/13 23:31:13.956, 100, 4, 2600, [N/A], 60, 1410, 5750, P2
2026/06/13 23:31:14.961, 100, 4, 2600, [N/A], 60, 1410, 5750, P2
2026/06/13 23:31:15.965, 100, 4, 2600, [N/A], 60, 1410, 5750, P2
2026/06/13 23:31:16.969, 100, 4, 2600, [N/A], 60, 1410, 5750, P2
2026/06/13 23:31:17.973, 100, 4, 2600, [N/A], 60, 1410, 5750, P2
2026/06/13 23:31:18.978, 100, 4, 2600, [N/A], 61, 1410, 5750, P2
2026/06/13 23:31:19.982, 100, 4, 2600, [N/A], 60, 1410, 5750, P2
2026/06/13 23:31:20.987, 100, 4, 2600, [N/A], 61, 1410, 5750, P2
2026/06/13 23:31:21.991, 100, 4, 2600, [N/A], 61, 1410, 5750, P2
2026/06/13 23:31:22.995, 100, 4, 2600, [N/A], 61, 1410, 5750, P2
2026/06/13 23:31:24.000, 100, 4, 2600, [N/A], 61, 1410, 5750, P2
2026/06/13 23:31:25.005, 100, 4, 2600, [N/A], 61, 1410, 5750, P2
2026/06/13 23:31:26.009, 100, 4, 2600, [N/A], 61, 1410, 5750, P2
2026/06/13 23:31:27.014, 100, 4, 2600, [N/A], 61, 1410, 5750, P2
2026/06/13 23:31:28.018, 100, 4, 2600, [N/A], 61, 1410, 5750, P2
2026/06/13 23:31:29.022, 100, 4, 2600, [N/A], 61, 1410, 5750, P2
2026/06/13 23:31:30.027, 100, 4, 2600, [N/A], 61, 1410, 5750, P2
2026/06/13 23:31:31.031, 100, 4, 2600, [N/A], 61, 1410, 5750, P2
2026/06/13 23:31:32.035, 100, 4, 2600, [N/A], 61, 1410, 5750, P2
2026/06/13 23:31:33.041, 100, 4, 2600, [N/A], 61, 1410, 5750, P2
2026/06/13 23:31:34.047, 100, 4, 2600, [N/A], 61, 1410, 5750, P2
2026/06/13 23:31:35.051, 100, 4, 2600, [N/A], 61, 1410, 5750, P2
2026/06/13 23:31:36.056, 100, 4, 2600, [N/A], 61, 1410, 5750, P2
2026/06/13 23:31:37.060, 100, 4, 2600, [N/A], 61, 1410, 5750, P2
2026/06/13 23:31:38.065, 100, 4, 2600, [N/A], 60, 1410, 5750, P2
2026/06/13 23:31:39.069, 100, 4, 2600, [N/A], 60, 1410, 5750, P2
2026/06/13 23:31:40.073, 100, 4, 2600, [N/A], 61, 1410, 5750, P2
2026/06/13 23:31:41.078, 100, 4, 2600, [N/A], 60, 1410, 5750, P2
2026/06/13 23:31:42.082, 100, 4, 2600, [N/A], 60, 1410, 5750, P2
2026/06/13 23:31:43.086, 100, 4, 2600, [N/A], 60, 1410, 5750, P2
2026/06/13 23:31:44.091, 100, 4, 2600, [N/A], 60, 1410, 5750, P2
2026/06/13 23:31:45.095, 100, 4, 2600, [N/A], 60, 1410, 5750, P2
2026/06/13 23:31:46.100, 100, 4, 2600, [N/A], 60, 1410, 5750, P2
2026/06/13 23:31:47.104, 100, 4, 2600, [N/A], 60, 1410, 5750, P2
2026/06/13 23:31:48.108, 100, 4, 2600, [N/A], 60, 1410, 5750, P2
2026/06/13 23:31:49.113, 100, 4, 2600, [N/A], 60, 1410, 5750, P2
2026/06/13 23:31:50.117, 100, 4, 2600, [N/A], 60, 1410, 5750, P2
2026/06/13 23:31:51.121, 100, 4, 2600, [N/A], 60, 1410, 5750, P2
2026/06/13 23:31:52.126, 100, 4, 2600, [N/A], 59, 1410, 5750, P2
2026/06/13 23:31:53.130, 100, 4, 2600, [N/A], 59, 1410, 5750, P2
2026/06/13 23:31:54.134, 100, 4, 2600, [N/A], 59, 1410, 5750, P2
2026/06/13 23:31:55.139, 100, 4, 2600, [N/A], 59, 1410, 5750, P2
2026/06/13 23:31:56.146, 100, 4, 2600, [N/A], 59, 1410, 5750, P2
2026/06/13 23:31:57.150, 100, 4, 2600, [N/A], 59, 1410, 5750, P2
2026/06/13 23:31:58.154, 100, 4, 2600, [N/A], 59, 1410, 5750, P2
2026/06/13 23:31:59.159, 100, 4, 2600, [N/A], 59, 1410, 5750, P2
2026/06/13 23:32:00.163, 100, 4, 2600, [N/A], 59, 1410, 5750, P2
2026/06/13 23:32:01.168, 100, 4, 2600, [N/A], 59, 1410, 5750, P2
2026/06/13 23:32:02.172, 100, 4, 2600, [N/A], 59, 1410, 5750, P2
2026/06/13 23:32:03.176, 100, 4, 2600, [N/A], 58, 1410, 5750, P2
2026/06/13 23:32:04.181, 100, 4, 2600, [N/A], 59, 1410, 5750, P2
2026/06/13 23:32:05.186, 100, 4, 2600, [N/A], 58, 1410, 5750, P2
2026/06/13 23:32:06.192, 100, 4, 2600, [N/A], 58, 1410, 5750, P2
2026/06/13 23:32:07.197, 100, 4, 2600, [N/A], 58, 1410, 5750, P2
2026/06/13 23:32:08.201, 100, 4, 2600, [N/A], 58, 1410, 5750, P2
2026/06/13 23:32:09.206, 100, 4, 2600, [N/A], 58, 1410, 5750, P2
2026/06/13 23:32:10.210, 100, 4, 2600, [N/A], 58, 1410, 5750, P2
2026/06/13 23:32:11.214, 100, 4, 2600, [N/A], 58, 1410, 5750, P2
2026/06/13 23:32:12.219, 100, 4, 2600, [N/A], 58, 1410, 5750, P2
2026/06/13 23:32:13.223, 100, 4, 2600, [N/A], 58, 1410, 5750, P2
2026/06/13 23:32:14.227, 100, 3, 2600, [N/A], 58, 1410, 5750, P2
2026/06/13 23:32:15.231, 100, 4, 2600, [N/A], 58, 1410, 5750, P2
2026/06/13 23:32:16.236, 100, 4, 2600, [N/A], 58, 1410, 5750, P2
2026/06/13 23:32:17.240, 100, 4, 2600, [N/A], 58, 1410, 5750, P2
2026/06/13 23:32:18.244, 100, 4, 2600, [N/A], 58, 1410, 5750, P2
2026/06/13 23:32:19.249, 100, 4, 2600, [N/A], 58, 1410, 5750, P2
2026/06/13 23:32:20.253, 100, 4, 2600, [N/A], 58, 1410, 5750, P2
2026/06/13 23:32:21.257, 100, 4, 2600, [N/A], 58, 1410, 5750, P2
2026/06/13 23:32:22.262, 100, 4, 2600, [N/A], 58, 1410, 5750, P2
2026/06/13 23:32:23.266, 100, 4, 2600, [N/A], 58, 1410, 5750, P2
2026/06/13 23:32:24.270, 100, 4, 2600, [N/A], 58, 1410, 5750, P2
2026/06/13 23:32:25.275, 100, 4, 2600, [N/A], 58, 1410, 5750, P2
2026/06/13 23:32:26.281, 100, 4, 2600, [N/A], 58, 1410, 5750, P2
2026/06/13 23:32:27.285, 100, 4, 2600, [N/A], 58, 1410, 5750, P2
2026/06/13 23:32:28.289, 100, 4, 2600, [N/A], 58, 1410, 5750, P2
2026/06/13 23:32:29.293, 100, 4, 2600, [N/A], 58, 1410, 5750, P2
2026/06/13 23:32:30.297, 100, 4, 2600, [N/A], 58, 1410, 5750, P2
2026/06/13 23:32:31.302, 100, 4, 2600, [N/A], 58, 1410, 5750, P2
2026/06/13 23:32:32.306, 100, 4, 2600, [N/A], 58, 1410, 5750, P2
2026/06/13 23:32:33.310, 100, 4, 2600, [N/A], 58, 1410, 5750, P2
2026/06/13 23:32:34.314, 100, 4, 2600, [N/A], 58, 1410, 5750, P2
2026/06/13 23:32:35.318, 100, 4, 2600, [N/A], 59, 1410, 5750, P2
2026/06/13 23:32:36.322, 100, 4, 2600, [N/A], 59, 1410, 5750, P2
2026/06/13 23:32:37.327, 100, 4, 2600, [N/A], 59, 1410, 5750, P2
2026/06/13 23:32:38.331, 100, 4, 2600, [N/A], 59, 1410, 5750, P2
2026/06/13 23:32:39.335, 100, 4, 2600, [N/A], 59, 1410, 5750, P2
2026/06/13 23:32:40.339, 100, 4, 2600, [N/A], 59, 1410, 5750, P2
2026/06/13 23:32:41.343, 100, 4, 2600, [N/A], 59, 1410, 5750, P2
2026/06/13 23:32:42.347, 100, 4, 2600, [N/A], 59, 1410, 5750, P2
2026/06/13 23:32:43.352, 100, 3, 2600, [N/A], 59, 1410, 5750, P2
2026/06/13 23:32:44.356, 100, 3, 2600, [N/A], 59, 1410, 5750, P2
2026/06/13 23:32:45.360, 100, 3, 2600, [N/A], 59, 1410, 5750, P2
2026/06/13 23:32:46.364, 100, 3, 2600, [N/A], 59, 1410, 5750, P2
2026/06/13 23:32:47.368, 100, 4, 2600, [N/A], 59, 1410, 5750, P2
2026/06/13 23:32:48.373, 100, 4, 2600, [N/A], 59, 1410, 5750, P2
2026/06/13 23:32:49.377, 100, 3, 2600, [N/A], 59, 1410, 5750, P2
2026/06/13 23:32:50.382, 100, 4, 2600, [N/A], 60, 1410, 5750, P2
2026/06/13 23:32:51.386, 100, 4, 2600, [N/A], 60, 1410, 5750, P2
2026/06/13 23:32:52.391, 100, 4, 2600, [N/A], 60, 1410, 5750, P2
2026/06/13 23:32:53.395, 100, 3, 2600, [N/A], 60, 1410, 5750, P2
2026/06/13 23:32:54.399, 100, 4, 2600, [N/A], 60, 1410, 5750, P2
2026/06/13 23:32:55.404, 100, 4, 2600, [N/A], 60, 1410, 5750, P2
2026/06/13 23:32:56.408, 100, 4, 2600, [N/A], 60, 1410, 5750, P2
2026/06/13 23:32:57.412, 100, 4, 2600, [N/A], 60, 1410, 5750, P2
2026/06/13 23:32:58.416, 100, 4, 2600, [N/A], 60, 1410, 5750, P2
2026/06/13 23:32:59.420, 100, 4, 2600, [N/A], 60, 1410, 5750, P2
2026/06/13 23:33:00.424, 100, 3, 2600, [N/A], 60, 1410, 5750, P2
2026/06/13 23:33:01.429, 100, 4, 2600, [N/A], 60, 1410, 5750, P2
2026/06/13 23:33:02.435, 100, 4, 2600, [N/A], 60, 1410, 5750, P2
2026/06/13 23:33:03.440, 100, 4, 2600, [N/A], 60, 1410, 5750, P2
2026/06/13 23:33:04.444, 100, 4, 2600, [N/A], 61, 1410, 5750, P2
2026/06/13 23:33:05.448, 100, 4, 2600, [N/A], 61, 1410, 5750, P2
2026/06/13 23:33:06.453, 100, 4, 2600, [N/A], 61, 1410, 5750, P2
2026/06/13 23:33:07.457, 100, 4, 2600, [N/A], 61, 1410, 5750, P2
2026/06/13 23:33:08.462, 100, 4, 2600, [N/A], 61, 1410, 5750, P2
2026/06/13 23:33:09.466, 100, 3, 2600, [N/A], 61, 1410, 5750, P2
2026/06/13 23:33:10.471, 100, 4, 2600, [N/A], 61, 1410, 5750, P2
2026/06/13 23:33:11.476, 100, 3, 2600, [N/A], 61, 1410, 5750, P2
2026/06/13 23:33:12.480, 100, 4, 2600, [N/A], 61, 1410, 5750, P2
2026/06/13 23:33:13.484, 100, 3, 2600, [N/A], 61, 1410, 5750, P2
2026/06/13 23:33:14.489, 100, 4, 2600, [N/A], 61, 1410, 5750, P2
2026/06/13 23:33:15.493, 100, 4, 2600, [N/A], 61, 1410, 5750, P2
2026/06/13 23:33:16.497, 100, 3, 2600, [N/A], 61, 1410, 5750, P2
2026/06/13 23:33:17.501, 100, 4, 2600, [N/A], 61, 1410, 5750, P2
2026/06/13 23:33:18.506, 100, 4, 2600, [N/A], 61, 1410, 5750, P2
2026/06/13 23:33:19.511, 100, 3, 2600, [N/A], 61, 1410, 5750, P2
2026/06/13 23:33:20.515, 100, 4, 2600, [N/A], 61, 1410, 5750, P2
2026/06/13 23:33:21.519, 100, 3, 2600, [N/A], 61, 1410, 5750, P2
2026/06/13 23:33:22.523, 100, 3, 2600, [N/A], 61, 1410, 5750, P2
2026/06/13 23:33:23.528, 100, 4, 2600, [N/A], 61, 1410, 5750, P2
2026/06/13 23:33:24.532, 100, 3, 2600, [N/A], 61, 1410, 5750, P2
2026/06/13 23:33:25.536, 100, 3, 2600, [N/A], 60, 1410, 5750, P2
2026/06/13 23:33:26.541, 100, 4, 2600, [N/A], 60, 1410, 5750, P2
2026/06/13 23:33:27.545, 100, 4, 2600, [N/A], 60, 1410, 5750, P2
2026/06/13 23:33:28.549, 100, 3, 2600, [N/A], 60, 1410, 5750, P2
2026/06/13 23:33:29.554, 100, 3, 2600, [N/A], 60, 1410, 5750, P2
2026/06/13 23:33:30.558, 100, 3, 2600, [N/A], 60, 1410, 5750, P2
2026/06/13 23:33:31.562, 100, 4, 2600, [N/A], 60, 1410, 5750, P2
2026/06/13 23:33:32.566, 100, 4, 2600, [N/A], 60, 1410, 5750, P2
2026/06/13 23:33:33.570, 100, 4, 2600, [N/A], 60, 1410, 5750, P2
2026/06/13 23:33:34.575, 100, 4, 2600, [N/A], 60, 1410, 5750, P2
2026/06/13 23:33:35.579, 100, 3, 2600, [N/A], 60, 1410, 5750, P2
2026/06/13 23:33:36.583, 100, 4, 2600, [N/A], 60, 1410, 5750, P2
2026/06/13 23:33:37.588, 100, 4, 2600, [N/A], 60, 1410, 5750, P2
2026/06/13 23:33:38.592, 100, 4, 2600, [N/A], 60, 1410, 5750, P2
2026/06/13 23:33:39.596, 100, 3, 2600, [N/A], 59, 1410, 5750, P2
2026/06/13 23:33:40.600, 100, 3, 2600, [N/A], 59, 1410, 5750, P2
2026/06/13 23:33:41.604, 100, 3, 2600, [N/A], 59, 1410, 5750, P2
2026/06/13 23:33:42.609, 100, 3, 2600, [N/A], 59, 1410, 5750, P2
2026/06/13 23:33:43.613, 100, 3, 2600, [N/A], 59, 1410, 5750, P2
2026/06/13 23:33:44.617, 100, 3, 2600, [N/A], 59, 1410, 5750, P2
2026/06/13 23:33:45.621, 100, 4, 2600, [N/A], 59, 1410, 5750, P2
2026/06/13 23:33:46.625, 100, 4, 2600, [N/A], 59, 1410, 5750, P2
2026/06/13 23:33:47.629, 100, 3, 2600, [N/A], 59, 1410, 5750, P2
2026/06/13 23:33:48.634, 100, 4, 2600, [N/A], 59, 1410, 5750, P2
2026/06/13 23:33:49.640, 100, 3, 2600, [N/A], 59, 1410, 5750, P2
2026/06/13 23:33:50.645, 100, 4, 2600, [N/A], 58, 1410, 5750, P2
2026/06/13 23:33:51.649, 100, 4, 2600, [N/A], 58, 1410, 5750, P2
2026/06/13 23:33:52.653, 100, 4, 2600, [N/A], 58, 1410, 5750, P2
2026/06/13 23:33:53.657, 100, 4, 2600, [N/A], 58, 1410, 5750, P2
2026/06/13 23:33:54.661, 100, 4, 2600, [N/A], 58, 1410, 5750, P2
2026/06/13 23:33:55.666, 100, 4, 2600, [N/A], 58, 1410, 5750, P2
2026/06/13 23:33:56.670, 100, 4, 2600, [N/A], 58, 1410, 5750, P2
2026/06/13 23:33:57.674, 100, 4, 2600, [N/A], 58, 1410, 5750, P2
2026/06/13 23:33:58.678, 100, 4, 2600, [N/A], 58, 1410, 5750, P2
2026/06/13 23:33:59.683, 100, 4, 2600, [N/A], 58, 1410, 5750, P2
2026/06/13 23:34:00.687, 100, 3, 2600, [N/A], 58, 1410, 5750, P2
2026/06/13 23:34:01.691, 100, 4, 2600, [N/A], 58, 1410, 5750, P2
2026/06/13 23:34:02.695, 100, 3, 2600, [N/A], 58, 1410, 5750, P2
2026/06/13 23:34:03.700, 100, 3, 2600, [N/A], 58, 1410, 5750, P2
2026/06/13 23:34:04.704, 100, 3, 2600, [N/A], 58, 1410, 5750, P2
2026/06/13 23:34:05.708, 100, 4, 2600, [N/A], 58, 1410, 5750, P2
2026/06/13 23:34:06.712, 100, 4, 2600, [N/A], 58, 1410, 5750, P2
2026/06/13 23:34:07.716, 100, 4, 2600, [N/A], 58, 1410, 5750, P2
2026/06/13 23:34:08.720, 100, 4, 2600, [N/A], 58, 1410, 5750, P2
2026/06/13 23:34:09.725, 100, 3, 2600, [N/A], 58, 1410, 5750, P2
2026/06/13 23:34:10.729, 100, 4, 2600, [N/A], 58, 1410, 5750, P2
2026/06/13 23:34:11.733, 100, 4, 2600, [N/A], 58, 1410, 5750, P2
2026/06/13 23:34:12.738, 100, 4, 2600, [N/A], 58, 1410, 5750, P2
2026/06/13 23:34:13.742, 100, 4, 2600, [N/A], 58, 1410, 5750, P2
2026/06/13 23:34:14.746, 100, 3, 2600, [N/A], 58, 1410, 5750, P2
2026/06/13 23:34:15.750, 100, 4, 2600, [N/A], 58, 1410, 5750, P2
2026/06/13 23:34:16.754, 100, 4, 2600, [N/A], 58, 1410, 5750, P2
2026/06/13 23:34:17.759, 100, 4, 2600, [N/A], 58, 1410, 5750, P2
2026/06/13 23:34:18.763, 100, 3, 2600, [N/A], 59, 1410, 5750, P2
2026/06/13 23:34:19.767, 100, 4, 2600, [N/A], 58, 1410, 5750, P2
2026/06/13 23:34:20.772, 100, 4, 2600, [N/A], 59, 1410, 5750, P2
2026/06/13 23:34:21.776, 100, 4, 2600, [N/A], 59, 1410, 5750, P2
2026/06/13 23:34:22.780, 100, 3, 2600, [N/A], 59, 1410, 5750, P2
2026/06/13 23:34:23.784, 100, 4, 2600, [N/A], 59, 1410, 5750, P2
2026/06/13 23:34:24.789, 100, 3, 2600, [N/A], 59, 1410, 5750, P2
2026/06/13 23:34:25.793, 100, 3, 2600, [N/A], 59, 1410, 5750, P2
2026/06/13 23:34:26.797, 100, 4, 2600, [N/A], 59, 1410, 5750, P2
2026/06/13 23:34:27.802, 100, 3, 2600, [N/A], 59, 1410, 5750, P2
2026/06/13 23:34:28.806, 100, 3, 2600, [N/A], 59, 1410, 5750, P2
2026/06/13 23:34:29.811, 100, 4, 2600, [N/A], 59, 1410, 5750, P2
2026/06/13 23:34:30.815, 100, 3, 2600, [N/A], 59, 1410, 5750, P2
2026/06/13 23:34:31.819, 100, 3, 2600, [N/A], 59, 1410, 5750, P2
2026/06/13 23:34:32.823, 100, 4, 2600, [N/A], 59, 1410, 5750, P2
2026/06/13 23:34:33.827, 100, 3, 2600, [N/A], 59, 1410, 5750, P2
2026/06/13 23:34:34.833, 100, 4, 2600, [N/A], 60, 1410, 5750, P2
2026/06/13 23:34:35.838, 100, 4, 2600, [N/A], 60, 1410, 5750, P2
2026/06/13 23:34:36.844, 100, 4, 2600, [N/A], 60, 1410, 5750, P2
2026/06/13 23:34:37.849, 100, 4, 2600, [N/A], 60, 1410, 5750, P2
2026/06/13 23:34:38.853, 100, 3, 2600, [N/A], 60, 1410, 5750, P2
2026/06/13 23:34:39.859, 100, 4, 2600, [N/A], 60, 1410, 5750, P2
2026/06/13 23:34:40.864, 100, 3, 2600, [N/A], 60, 1410, 5750, P2
2026/06/13 23:34:41.868, 100, 4, 2600, [N/A], 60, 1410, 5750, P2
2026/06/13 23:34:42.872, 100, 4, 2600, [N/A], 60, 1410, 5750, P2
2026/06/13 23:34:43.876, 100, 3, 2600, [N/A], 60, 1410, 5750, P2
2026/06/13 23:34:44.881, 100, 4, 2600, [N/A], 60, 1410, 5750, P2
2026/06/13 23:34:45.885, 100, 3, 2600, [N/A], 60, 1410, 5750, P2
2026/06/13 23:34:46.889, 100, 4, 2600, [N/A], 60, 1410, 5750, P2
2026/06/13 23:34:47.893, 100, 3, 2600, [N/A], 60, 1410, 5750, P2
2026/06/13 23:34:48.897, 100, 4, 2600, [N/A], 60, 1410, 5750, P2
2026/06/13 23:34:49.902, 100, 3, 2600, [N/A], 61, 1410, 5750, P2
2026/06/13 23:34:50.906, 100, 4, 2600, [N/A], 61, 1410, 5750, P2
2026/06/13 23:34:51.910, 100, 3, 2600, [N/A], 61, 1410, 5750, P2
2026/06/13 23:34:52.914, 100, 4, 2600, [N/A], 61, 1410, 5750, P2
2026/06/13 23:34:53.919, 100, 3, 2600, [N/A], 61, 1410, 5750, P2
2026/06/13 23:34:54.923, 100, 4, 2600, [N/A], 61, 1410, 5750, P2
2026/06/13 23:34:55.927, 100, 3, 2600, [N/A], 61, 1410, 5750, P2
2026/06/13 23:34:56.932, 100, 4, 2600, [N/A], 61, 1410, 5750, P2
2026/06/13 23:34:57.936, 100, 3, 2600, [N/A], 61, 1410, 5750, P2
2026/06/13 23:34:58.940, 100, 3, 2600, [N/A], 61, 1410, 5750, P2
2026/06/13 23:34:59.944, 100, 4, 2600, [N/A], 61, 1410, 5750, P2
2026/06/13 23:35:00.948, 100, 3, 2600, [N/A], 61, 1410, 5750, P2
2026/06/13 23:35:01.952, 100, 4, 2600, [N/A], 61, 1410, 5750, P2
2026/06/13 23:35:02.957, 100, 3, 2600, [N/A], 61, 1410, 5750, P2
2026/06/13 23:35:03.961, 100, 4, 2600, [N/A], 61, 1410, 5750, P2
2026/06/13 23:35:04.965, 100, 3, 2600, [N/A], 61, 1410, 5750, P2
2026/06/13 23:35:05.970, 100, 3, 2600, [N/A], 61, 1410, 5750, P2
2026/06/13 23:35:06.974, 100, 4, 2600, [N/A], 61, 1410, 5750, P2
2026/06/13 23:35:07.978, 100, 3, 2600, [N/A], 60, 1410, 5750, P2
2026/06/13 23:35:08.982, 100, 4, 2600, [N/A], 60, 1410, 5750, P2
2026/06/13 23:35:09.986, 100, 3, 2600, [N/A], 60, 1410, 5750, P2
2026/06/13 23:35:10.990, 100, 3, 2600, [N/A], 60, 1410, 5750, P2
2026/06/13 23:35:11.994, 100, 4, 2600, [N/A], 60, 1410, 5750, P2
2026/06/13 23:35:12.999, 100, 3, 2600, [N/A], 60, 1410, 5750, P2
2026/06/13 23:35:14.003, 100, 3, 2600, [N/A], 60, 1410, 5750, P2
2026/06/13 23:35:15.007, 100, 4, 2600, [N/A], 60, 1410, 5750, P2
2026/06/13 23:35:16.011, 100, 3, 2600, [N/A], 60, 1410, 5750, P2
2026/06/13 23:35:17.016, 100, 3, 2600, [N/A], 60, 1410, 5750, P2
2026/06/13 23:35:18.020, 100, 4, 2600, [N/A], 60, 1410, 5750, P2
2026/06/13 23:35:19.024, 100, 3, 2600, [N/A], 60, 1410, 5750, P2
2026/06/13 23:35:20.029, 100, 3, 2600, [N/A], 60, 1410, 5750, P2
2026/06/13 23:35:21.033, 100, 4, 2600, [N/A], 60, 1410, 5750, P2
2026/06/13 23:35:22.037, 100, 3, 2600, [N/A], 59, 1410, 5750, P2
2026/06/13 23:35:23.041, 100, 3, 2600, [N/A], 59, 1410, 5750, P2
2026/06/13 23:35:24.046, 100, 3, 2600, [N/A], 59, 1410, 5750, P2
2026/06/13 23:35:25.050, 100, 4, 2600, [N/A], 59, 1410, 5750, P2
2026/06/13 23:35:26.054, 100, 3, 2600, [N/A], 59, 1410, 5750, P2
2026/06/13 23:35:27.059, 100, 3, 2600, [N/A], 59, 1410, 5750, P2
2026/06/13 23:35:28.063, 100, 4, 2600, [N/A], 59, 1410, 5750, P2
2026/06/13 23:35:29.067, 100, 3, 2600, [N/A], 59, 1410, 5750, P2
2026/06/13 23:35:30.072, 100, 3, 2600, [N/A], 59, 1410, 5750, P2
2026/06/13 23:35:31.076, 100, 3, 2600, [N/A], 59, 1410, 5750, P2
2026/06/13 23:35:32.080, 100, 3, 2600, [N/A], 59, 1410, 5750, P2
2026/06/13 23:35:33.085, 100, 3, 2600, [N/A], 59, 1410, 5750, P2
2026/06/13 23:35:34.089, 100, 3, 2600, [N/A], 59, 1410, 5750, P2
2026/06/13 23:35:35.093, 100, 3, 2600, [N/A], 58, 1410, 5750, P2
2026/06/13 23:35:36.098, 100, 3, 2600, [N/A], 58, 1410, 5750, P2
2026/06/13 23:35:37.102, 100, 4, 2600, [N/A], 58, 1410, 5750, P2
2026/06/13 23:35:38.106, 100, 3, 2600, [N/A], 58, 1410, 5750, P2
2026/06/13 23:35:39.111, 100, 3, 2600, [N/A], 58, 1410, 5750, P2
2026/06/13 23:35:40.115, 100, 3, 2600, [N/A], 58, 1410, 5750, P2
2026/06/13 23:35:41.120, 100, 3, 2600, [N/A], 58, 1410, 5750, P2
2026/06/13 23:35:42.129, 100, 4, 2600, [N/A], 58, 1410, 5750, P2
2026/06/13 23:35:43.133, 100, 4, 2600, [N/A], 58, 1410, 5750, P2
2026/06/13 23:35:44.139, 100, 3, 2600, [N/A], 58, 1410, 5750, P2
2026/06/13 23:35:45.144, 100, 3, 2600, [N/A], 58, 1410, 5750, P2
2026/06/13 23:35:46.148, 100, 3, 2600, [N/A], 58, 1410, 5750, P2
2026/06/13 23:35:47.153, 100, 4, 2600, [N/A], 58, 1410, 5750, P2
2026/06/13 23:35:48.158, 100, 3, 2600, [N/A], 58, 1410, 5750, P2
2026/06/13 23:35:49.162, 100, 3, 2600, [N/A], 58, 1410, 5750, P2
2026/06/13 23:35:50.167, 100, 3, 2600, [N/A], 58, 1410, 5750, P2
2026/06/13 23:35:51.171, 100, 3, 2600, [N/A], 58, 1410, 5750, P2
2026/06/13 23:35:52.175, 100, 3, 2600, [N/A], 58, 1410, 5750, P2
2026/06/13 23:35:53.180, 100, 4, 2600, [N/A], 58, 1410, 5750, P2
2026/06/13 23:35:54.184, 100, 4, 2600, [N/A], 58, 1410, 5750, P2
2026/06/13 23:35:55.188, 100, 3, 2600, [N/A], 58, 1410, 5750, P2
2026/06/13 23:35:56.193, 100, 3, 2600, [N/A], 58, 1410, 5750, P2
2026/06/13 23:35:57.197, 100, 3, 2600, [N/A], 58, 1410, 5750, P2
2026/06/13 23:35:58.201, 100, 3, 2600, [N/A], 58, 1410, 5750, P2
2026/06/13 23:35:59.206, 100, 3, 2600, [N/A], 58, 1410, 5750, P2
2026/06/13 23:36:00.210, 100, 3, 2600, [N/A], 58, 1410, 5750, P2
2026/06/13 23:36:01.214, 100, 4, 2600, [N/A], 59, 1410, 5750, P2
2026/06/13 23:36:02.219, 100, 4, 2600, [N/A], 58, 1410, 5750, P2
2026/06/13 23:36:03.223, 100, 4, 2600, [N/A], 59, 1410, 5750, P2
2026/06/13 23:36:04.227, 100, 3, 2600, [N/A], 59, 1410, 5750, P2
2026/06/13 23:36:05.232, 100, 3, 2600, [N/A], 59, 1410, 5750, P2
2026/06/13 23:36:06.236, 100, 3, 2600, [N/A], 59, 1410, 5750, P2
2026/06/13 23:36:07.240, 100, 3, 2600, [N/A], 59, 1410, 5750, P2
2026/06/13 23:36:08.245, 100, 3, 2600, [N/A], 59, 1410, 5750, P2
2026/06/13 23:36:09.250, 100, 3, 2600, [N/A], 59, 1410, 5750, P2
2026/06/13 23:36:10.254, 100, 4, 2600, [N/A], 59, 1410, 5750, P2
2026/06/13 23:36:11.258, 100, 3, 2600, [N/A], 59, 1410, 5750, P2
2026/06/13 23:36:12.262, 100, 3, 2600, [N/A], 59, 1410, 5750, P2
2026/06/13 23:36:13.266, 100, 3, 2600, [N/A], 59, 1410, 5750, P2
2026/06/13 23:36:14.271, 100, 3, 2600, [N/A], 59, 1410, 5750, P2
2026/06/13 23:36:15.275, 100, 3, 2600, [N/A], 59, 1410, 5750, P2
2026/06/13 23:36:16.279, 100, 3, 2600, [N/A], 60, 1410, 5750, P2
2026/06/13 23:36:17.283, 100, 3, 2600, [N/A], 60, 1410, 5750, P2
2026/06/13 23:36:18.288, 100, 3, 2600, [N/A], 60, 1410, 5750, P2
2026/06/13 23:36:19.292, 100, 3, 2600, [N/A], 60, 1410, 5750, P2
2026/06/13 23:36:20.297, 100, 4, 2600, [N/A], 60, 1410, 5750, P2
2026/06/13 23:36:21.301, 100, 3, 2600, [N/A], 60, 1410, 5750, P2
2026/06/13 23:36:22.305, 100, 3, 2600, [N/A], 60, 1410, 5750, P2
2026/06/13 23:36:23.309, 100, 3, 2600, [N/A], 60, 1410, 5750, P2
2026/06/13 23:36:24.314, 100, 3, 2600, [N/A], 60, 1410, 5750, P2
2026/06/13 23:36:25.318, 100, 3, 2600, [N/A], 60, 1410, 5750, P2
2026/06/13 23:36:26.322, 100, 3, 2600, [N/A], 60, 1410, 5750, P2
2026/06/13 23:36:27.327, 100, 3, 2600, [N/A], 60, 1410, 5750, P2
2026/06/13 23:36:28.331, 100, 3, 2600, [N/A], 60, 1410, 5750, P2
2026/06/13 23:36:29.335, 100, 4, 2600, [N/A], 60, 1410, 5750, P2
2026/06/13 23:36:30.340, 100, 3, 2600, [N/A], 60, 1410, 5750, P2
2026/06/13 23:36:31.344, 100, 3, 2600, [N/A], 60, 1410, 5750, P2
2026/06/13 23:36:32.349, 100, 3, 2600, [N/A], 61, 1410, 5750, P2
2026/06/13 23:36:33.353, 100, 3, 2600, [N/A], 61, 1410, 5750, P2
2026/06/13 23:36:34.357, 100, 3, 2600, [N/A], 61, 1410, 5750, P2
2026/06/13 23:36:35.361, 100, 3, 2600, [N/A], 60, 1410, 5750, P2
2026/06/13 23:36:36.366, 100, 3, 2600, [N/A], 60, 1410, 5750, P2
2026/06/13 23:36:37.370, 100, 3, 2600, [N/A], 61, 1410, 5750, P2
2026/06/13 23:36:38.375, 100, 3, 2600, [N/A], 60, 1410, 5750, P2
2026/06/13 23:36:39.381, 100, 3, 2600, [N/A], 61, 1410, 5750, P2
2026/06/13 23:36:40.386, 100, 3, 2600, [N/A], 60, 1410, 5750, P2
2026/06/13 23:36:41.391, 100, 3, 2600, [N/A], 60, 1410, 5750, P2
2026/06/13 23:36:42.395, 100, 3, 2600, [N/A], 60, 1410, 5750, P2
2026/06/13 23:36:43.400, 100, 3, 2600, [N/A], 60, 1410, 5750, P2
2026/06/13 23:36:44.404, 100, 3, 2600, [N/A], 61, 1410, 5750, P2
2026/06/13 23:36:45.408, 100, 3, 2600, [N/A], 60, 1410, 5750, P2
2026/06/13 23:36:46.413, 100, 3, 2600, [N/A], 60, 1410, 5750, P2
2026/06/13 23:36:47.417, 100, 3, 2600, [N/A], 60, 1410, 5750, P2
2026/06/13 23:36:48.421, 100, 3, 2600, [N/A], 60, 1410, 5750, P2
2026/06/13 23:36:49.426, 100, 3, 2600, [N/A], 60, 1410, 5750, P2
2026/06/13 23:36:50.430, 100, 3, 2600, [N/A], 60, 1410, 5750, P2
2026/06/13 23:36:51.434, 100, 3, 2600, [N/A], 60, 1410, 5750, P2
2026/06/13 23:36:52.439, 100, 3, 2600, [N/A], 60, 1410, 5750, P2
2026/06/13 23:36:53.443, 100, 3, 2600, [N/A], 60, 1410, 5750, P2
2026/06/13 23:36:54.448, 100, 3, 2600, [N/A], 60, 1410, 5750, P2
2026/06/13 23:36:55.452, 100, 3, 2600, [N/A], 60, 1410, 5750, P2
2026/06/13 23:36:56.456, 100, 3, 2600, [N/A], 60, 1410, 5750, P2
2026/06/13 23:36:57.461, 100, 3, 2600, [N/A], 60, 1410, 5750, P2
2026/06/13 23:36:58.465, 99, 4, 2600, [N/A], 60, 1410, 5750, P2
2026/06/13 23:36:59.470, 100, 5, 2600, [N/A], 60, 1410, 5750, P2
2026/06/13 23:37:00.474, 100, 4, 2600, [N/A], 60, 1410, 5750, P2
2026/06/13 23:37:01.478, 100, 4, 2600, [N/A], 60, 1410, 5750, P2
2026/06/13 23:37:02.482, 100, 4, 2600, [N/A], 60, 1410, 5750, P2
2026/06/13 23:37:03.487, 100, 4, 2600, [N/A], 60, 1410, 5750, P2
2026/06/13 23:37:04.491, 100, 4, 2600, [N/A], 59, 1410, 5750, P2
2026/06/13 23:37:05.495, 100, 4, 2600, [N/A], 59, 1410, 5750, P2
2026/06/13 23:37:06.500, 100, 4, 2600, [N/A], 59, 1410, 5750, P2
2026/06/13 23:37:07.504, 100, 4, 2600, [N/A], 59, 1410, 5750, P2
2026/06/13 23:37:08.509, 100, 4, 2600, [N/A], 59, 1410, 5750, P2
2026/06/13 23:37:09.513, 100, 4, 2600, [N/A], 59, 1410, 5750, P2
2026/06/13 23:37:10.517, 100, 4, 2600, [N/A], 59, 1410, 5750, P2
2026/06/13 23:37:11.522, 100, 4, 2600, [N/A], 59, 1410, 5750, P2
2026/06/13 23:37:12.526, 100, 4, 2600, [N/A], 59, 1410, 5750, P2
2026/06/13 23:37:13.530, 100, 4, 2600, [N/A], 59, 1410, 5750, P2
2026/06/13 23:37:14.535, 100, 4, 2600, [N/A], 59, 1410, 5750, P2
2026/06/13 23:37:15.539, 100, 4, 2600, [N/A], 59, 1410, 5750, P2
2026/06/13 23:37:16.543, 100, 4, 2600, [N/A], 59, 1410, 5750, P2
2026/06/13 23:37:17.547, 100, 4, 2600, [N/A], 59, 1410, 5750, P2
2026/06/13 23:37:18.552, 100, 4, 2600, [N/A], 58, 1410, 5750, P2
2026/06/13 23:37:19.556, 100, 4, 2600, [N/A], 59, 1410, 5750, P2
2026/06/13 23:37:20.560, 100, 4, 2600, [N/A], 58, 1410, 5750, P2
2026/06/13 23:37:21.565, 100, 4, 2600, [N/A], 58, 1410, 5750, P2
2026/06/13 23:37:22.569, 100, 4, 2600, [N/A], 58, 1410, 5750, P2
2026/06/13 23:37:23.573, 100, 4, 2600, [N/A], 58, 1410, 5750, P2
2026/06/13 23:37:24.577, 100, 4, 2600, [N/A], 58, 1410, 5750, P2
2026/06/13 23:37:25.582, 100, 4, 2600, [N/A], 58, 1410, 5750, P2
2026/06/13 23:37:26.586, 100, 4, 2600, [N/A], 58, 1410, 5750, P2
2026/06/13 23:37:27.590, 100, 4, 2600, [N/A], 58, 1410, 5750, P2
2026/06/13 23:37:28.595, 100, 4, 2600, [N/A], 58, 1410, 5750, P2
2026/06/13 23:37:29.599, 100, 4, 2600, [N/A], 58, 1410, 5750, P2
2026/06/13 23:37:30.603, 100, 4, 2600, [N/A], 58, 1410, 5750, P2
2026/06/13 23:37:31.608, 100, 4, 2600, [N/A], 58, 1410, 5750, P2
2026/06/13 23:37:32.612, 100, 4, 2600, [N/A], 58, 1410, 5750, P2
2026/06/13 23:37:33.617, 100, 4, 2600, [N/A], 58, 1410, 5750, P2
2026/06/13 23:37:34.623, 100, 4, 2600, [N/A], 58, 1410, 5750, P2
2026/06/13 23:37:35.628, 100, 4, 2600, [N/A], 58, 1410, 5750, P2
2026/06/13 23:37:36.633, 100, 4, 2600, [N/A], 58, 1410, 5750, P2
2026/06/13 23:37:37.638, 100, 4, 2600, [N/A], 58, 1410, 5750, P2
2026/06/13 23:37:38.642, 100, 4, 2600, [N/A], 58, 1410, 5750, P2
2026/06/13 23:37:39.646, 100, 4, 2600, [N/A], 58, 1410, 5750, P2
2026/06/13 23:37:40.650, 100, 4, 2600, [N/A], 58, 1410, 5750, P2
2026/06/13 23:37:41.655, 100, 4, 2600, [N/A], 59, 1410, 5750, P2
2026/06/13 23:37:42.659, 100, 4, 2600, [N/A], 59, 1410, 5750, P2
2026/06/13 23:37:43.663, 100, 4, 2600, [N/A], 59, 1410, 5750, P2
2026/06/13 23:37:44.667, 100, 4, 2600, [N/A], 59, 1410, 5750, P2
2026/06/13 23:37:45.671, 100, 4, 2600, [N/A], 59, 1410, 5750, P2
2026/06/13 23:37:46.675, 100, 4, 2600, [N/A], 59, 1410, 5750, P2
2026/06/13 23:37:47.680, 100, 4, 2600, [N/A], 59, 1410, 5750, P2
2026/06/13 23:37:48.684, 100, 4, 2600, [N/A], 59, 1410, 5750, P2
2026/06/13 23:37:49.688, 100, 4, 2600, [N/A], 59, 1410, 5750, P2
2026/06/13 23:37:50.692, 100, 4, 2600, [N/A], 59, 1410, 5750, P2
2026/06/13 23:37:51.696, 100, 4, 2600, [N/A], 59, 1410, 5750, P2
2026/06/13 23:37:52.700, 100, 4, 2600, [N/A], 59, 1410, 5750, P2
2026/06/13 23:37:53.705, 100, 4, 2600, [N/A], 59, 1410, 5750, P2
2026/06/13 23:37:54.709, 100, 4, 2600, [N/A], 59, 1410, 5750, P2
2026/06/13 23:37:55.713, 100, 4, 2600, [N/A], 59, 1410, 5750, P2
2026/06/13 23:37:56.717, 100, 4, 2600, [N/A], 59, 1410, 5750, P2
2026/06/13 23:37:57.722, 100, 4, 2600, [N/A], 59, 1410, 5750, P2
2026/06/13 23:37:58.726, 100, 4, 2600, [N/A], 59, 1410, 5750, P2
2026/06/13 23:37:59.730, 100, 4, 2600, [N/A], 60, 1410, 5750, P2
2026/06/13 23:38:00.734, 100, 4, 2600, [N/A], 60, 1410, 5750, P2
2026/06/13 23:38:01.739, 100, 4, 2600, [N/A], 60, 1410, 5750, P2
2026/06/13 23:38:02.743, 100, 4, 2600, [N/A], 60, 1410, 5750, P2
2026/06/13 23:38:03.747, 100, 4, 2600, [N/A], 60, 1410, 5750, P2
2026/06/13 23:38:04.751, 100, 4, 2600, [N/A], 60, 1410, 5750, P2
2026/06/13 23:38:05.756, 100, 4, 2600, [N/A], 60, 1410, 5750, P2
2026/06/13 23:38:06.760, 100, 4, 2600, [N/A], 60, 1410, 5750, P2
2026/06/13 23:38:07.764, 100, 4, 2600, [N/A], 60, 1410, 5750, P2
2026/06/13 23:38:08.768, 100, 4, 2600, [N/A], 60, 1410, 5750, P2
2026/06/13 23:38:09.772, 100, 4, 2600, [N/A], 60, 1410, 5750, P2
2026/06/13 23:38:10.777, 100, 4, 2600, [N/A], 60, 1410, 5750, P2
2026/06/13 23:38:11.781, 100, 4, 2600, [N/A], 60, 1410, 5750, P2
2026/06/13 23:38:12.785, 100, 4, 2600, [N/A], 60, 1410, 5750, P2
2026/06/13 23:38:13.789, 100, 4, 2600, [N/A], 61, 1410, 5750, P2
2026/06/13 23:38:14.794, 100, 4, 2600, [N/A], 61, 1410, 5750, P2
2026/06/13 23:38:15.798, 100, 4, 2600, [N/A], 61, 1410, 5750, P2
2026/06/13 23:38:16.802, 100, 4, 2600, [N/A], 61, 1410, 5750, P2
2026/06/13 23:38:17.806, 100, 4, 2600, [N/A], 61, 1410, 5750, P2
2026/06/13 23:38:18.810, 100, 4, 2600, [N/A], 61, 1410, 5750, P2
2026/06/13 23:38:19.815, 100, 4, 2600, [N/A], 61, 1410, 5750, P2
2026/06/13 23:38:20.819, 100, 4, 2600, [N/A], 61, 1410, 5750, P2
2026/06/13 23:38:21.823, 100, 4, 2600, [N/A], 61, 1410, 5750, P2
2026/06/13 23:38:22.828, 100, 4, 2600, [N/A], 61, 1410, 5750, P2
2026/06/13 23:38:23.832, 100, 4, 2600, [N/A], 61, 1410, 5750, P2
2026/06/13 23:38:24.837, 100, 4, 2600, [N/A], 61, 1410, 5750, P2
2026/06/13 23:38:25.842, 100, 4, 2600, [N/A], 61, 1410, 5750, P2
2026/06/13 23:38:26.847, 100, 4, 2600, [N/A], 61, 1410, 5750, P2
2026/06/13 23:38:27.852, 100, 4, 2600, [N/A], 61, 1410, 5750, P2
2026/06/13 23:38:28.856, 100, 4, 2600, [N/A], 60, 1410, 5750, P2
2026/06/13 23:38:29.861, 100, 4, 2600, [N/A], 61, 1410, 5750, P2
2026/06/13 23:38:30.866, 100, 4, 2600, [N/A], 60, 1410, 5750, P2
2026/06/13 23:38:31.870, 100, 4, 2600, [N/A], 60, 1410, 5750, P2
2026/06/13 23:38:32.875, 100, 4, 2600, [N/A], 60, 1410, 5750, P2
2026/06/13 23:38:33.879, 100, 4, 2600, [N/A], 60, 1410, 5750, P2
2026/06/13 23:38:34.884, 100, 4, 2600, [N/A], 60, 1410, 5750, P2
2026/06/13 23:38:35.889, 100, 4, 2600, [N/A], 60, 1410, 5750, P2
2026/06/13 23:38:36.895, 100, 4, 2600, [N/A], 60, 1410, 5750, P2
2026/06/13 23:38:37.900, 100, 4, 2600, [N/A], 60, 1410, 5750, P2
2026/06/13 23:38:38.904, 100, 4, 2600, [N/A], 60, 1410, 5750, P2
2026/06/13 23:38:39.909, 100, 4, 2600, [N/A], 60, 1410, 5750, P2
2026/06/13 23:38:40.913, 100, 4, 2600, [N/A], 60, 1410, 5750, P2
2026/06/13 23:38:41.918, 100, 4, 2600, [N/A], 60, 1410, 5750, P2
2026/06/13 23:38:42.922, 100, 4, 2600, [N/A], 60, 1410, 5750, P2
2026/06/13 23:38:43.926, 100, 4, 2600, [N/A], 60, 1410, 5750, P2
2026/06/13 23:38:44.930, 100, 4, 2600, [N/A], 59, 1410, 5750, P2
2026/06/13 23:38:45.935, 100, 4, 2600, [N/A], 59, 1410, 5750, P2
2026/06/13 23:38:46.939, 100, 4, 2600, [N/A], 59, 1410, 5750, P2
2026/06/13 23:38:47.943, 100, 4, 2600, [N/A], 59, 1410, 5750, P2
2026/06/13 23:38:48.948, 100, 4, 2600, [N/A], 59, 1410, 5750, P2
2026/06/13 23:38:49.952, 100, 4, 2600, [N/A], 59, 1410, 5750, P2
2026/06/13 23:38:50.956, 100, 4, 2600, [N/A], 59, 1410, 5750, P2
2026/06/13 23:38:51.960, 100, 4, 2600, [N/A], 59, 1410, 5750, P2
2026/06/13 23:38:52.965, 100, 4, 2600, [N/A], 59, 1410, 5750, P2
2026/06/13 23:38:53.969, 100, 3, 2600, [N/A], 59, 1410, 5750, P2
2026/06/13 23:38:54.973, 100, 3, 2600, [N/A], 59, 1410, 5750, P2
2026/06/13 23:38:55.978, 100, 3, 2600, [N/A], 59, 1410, 5750, P2
2026/06/13 23:38:56.982, 100, 4, 2600, [N/A], 59, 1410, 5750, P2
2026/06/13 23:38:57.986, 100, 4, 2600, [N/A], 59, 1410, 5750, P2
2026/06/13 23:38:58.991, 100, 4, 2600, [N/A], 58, 1410, 5750, P2
2026/06/13 23:38:59.995, 100, 4, 2600, [N/A], 58, 1410, 5750, P2
2026/06/13 23:39:00.999, 100, 3, 2600, [N/A], 58, 1410, 5750, P2
2026/06/13 23:39:02.003, 100, 4, 2600, [N/A], 58, 1410, 5750, P2
2026/06/13 23:39:03.007, 100, 4, 2600, [N/A], 58, 1410, 5750, P2
2026/06/13 23:39:04.011, 100, 4, 2600, [N/A], 58, 1410, 5750, P2
2026/06/13 23:39:05.021, 100, 4, 2600, [N/A], 58, 1410, 5750, P2
2026/06/13 23:39:06.025, 100, 3, 2600, [N/A], 58, 1410, 5750, P2
2026/06/13 23:39:07.029, 100, 4, 2600, [N/A], 58, 1410, 5750, P2
2026/06/13 23:39:08.034, 100, 4, 2600, [N/A], 58, 1410, 5750, P2
2026/06/13 23:39:09.038, 100, 3, 2600, [N/A], 58, 1410, 5750, P2
2026/06/13 23:39:10.042, 100, 4, 2600, [N/A], 58, 1410, 5750, P2
2026/06/13 23:39:11.046, 100, 4, 2600, [N/A], 58, 1410, 5750, P2
2026/06/13 23:39:12.051, 100, 4, 2600, [N/A], 58, 1410, 5750, P2
2026/06/13 23:39:13.311, 100, 4, 2600, [N/A], 58, 1410, 5750, P2
2026/06/13 23:39:14.370, 100, 4, 2600, [N/A], 58, 1410, 5750, P2
2026/06/13 23:39:15.374, 100, 4, 2600, [N/A], 58, 1410, 5750, P2
2026/06/13 23:39:16.379, 100, 4, 2600, [N/A], 58, 1410, 5750, P2
2026/06/13 23:39:17.383, 100, 4, 2600, [N/A], 58, 1410, 5750, P2
2026/06/13 23:39:18.387, 100, 3, 2600, [N/A], 58, 1410, 5750, P2
2026/06/13 23:39:19.392, 100, 4, 2600, [N/A], 58, 1410, 5750, P2
2026/06/13 23:39:20.396, 100, 3, 2600, [N/A], 58, 1410, 5750, P2
2026/06/13 23:39:21.401, 100, 4, 2600, [N/A], 58, 1410, 5750, P2
2026/06/13 23:39:22.405, 100, 4, 2600, [N/A], 59, 1410, 5750, P2
2026/06/13 23:39:23.410, 100, 4, 2600, [N/A], 59, 1410, 5750, P2
2026/06/13 23:39:24.415, 100, 3, 2600, [N/A], 59, 1410, 5750, P2
2026/06/13 23:39:25.419, 100, 4, 2600, [N/A], 59, 1410, 5750, P2
2026/06/13 23:39:26.423, 100, 4, 2600, [N/A], 59, 1410, 5750, P2
2026/06/13 23:39:27.428, 100, 3, 2600, [N/A], 59, 1410, 5750, P2
2026/06/13 23:39:28.432, 100, 4, 2600, [N/A], 59, 1410, 5750, P2
2026/06/13 23:39:29.436, 100, 3, 2600, [N/A], 59, 1410, 5750, P2
2026/06/13 23:39:30.440, 100, 4, 2600, [N/A], 59, 1410, 5750, P2
2026/06/13 23:39:31.445, 100, 4, 2600, [N/A], 59, 1410, 5750, P2
2026/06/13 23:39:32.449, 100, 3, 2600, [N/A], 59, 1410, 5750, P2
2026/06/13 23:39:33.454, 100, 3, 2600, [N/A], 59, 1410, 5750, P2
2026/06/13 23:39:34.458, 100, 4, 2600, [N/A], 59, 1410, 5750, P2
2026/06/13 23:39:35.463, 100, 3, 2600, [N/A], 59, 1410, 5750, P2
2026/06/13 23:39:36.468, 100, 3, 2600, [N/A], 59, 1410, 5750, P2
2026/06/13 23:39:37.472, 100, 4, 2600, [N/A], 60, 1410, 5750, P2
2026/06/13 23:39:38.476, 100, 4, 2600, [N/A], 60, 1410, 5750, P2
2026/06/13 23:39:39.480, 100, 3, 2600, [N/A], 59, 1410, 5750, P2
2026/06/13 23:39:40.484, 100, 3, 2600, [N/A], 60, 1410, 5750, P2
2026/06/13 23:39:41.488, 100, 3, 2600, [N/A], 60, 1410, 5750, P2
2026/06/13 23:39:42.492, 100, 4, 2600, [N/A], 60, 1410, 5750, P2
2026/06/13 23:39:43.497, 100, 4, 2600, [N/A], 60, 1410, 5750, P2
2026/06/13 23:39:44.501, 100, 4, 2600, [N/A], 60, 1410, 5750, P2
2026/06/13 23:39:45.505, 100, 4, 2600, [N/A], 60, 1410, 5750, P2
2026/06/13 23:39:46.509, 100, 3, 2600, [N/A], 60, 1410, 5750, P2
2026/06/13 23:39:47.513, 100, 4, 2600, [N/A], 60, 1410, 5750, P2
2026/06/13 23:39:48.517, 100, 4, 2600, [N/A], 60, 1410, 5750, P2
2026/06/13 23:39:49.521, 100, 3, 2600, [N/A], 60, 1410, 5750, P2
2026/06/13 23:39:50.525, 100, 3, 2600, [N/A], 60, 1410, 5750, P2
2026/06/13 23:39:51.529, 100, 3, 2600, [N/A], 60, 1410, 5750, P2
2026/06/13 23:39:52.534, 100, 3, 2600, [N/A], 60, 1410, 5750, P2
2026/06/13 23:39:53.538, 100, 3, 2600, [N/A], 60, 1410, 5750, P2
2026/06/13 23:39:54.543, 100, 3, 2600, [N/A], 60, 1410, 5750, P2
2026/06/13 23:39:55.549, 100, 4, 2600, [N/A], 60, 1410, 5750, P2
2026/06/13 23:39:56.553, 100, 4, 2600, [N/A], 60, 1410, 5750, P2
2026/06/13 23:39:57.558, 100, 3, 2600, [N/A], 60, 1410, 5750, P2
2026/06/13 23:39:58.562, 100, 4, 2600, [N/A], 60, 1410, 5750, P2
2026/06/13 23:39:59.566, 100, 4, 2600, [N/A], 61, 1410, 5750, P2
2026/06/13 23:40:00.570, 100, 3, 2600, [N/A], 61, 1410, 5750, P2
2026/06/13 23:40:01.574, 100, 4, 2600, [N/A], 61, 1410, 5750, P2
2026/06/13 23:40:02.579, 100, 4, 2600, [N/A], 60, 1410, 5750, P2
2026/06/13 23:40:03.583, 100, 4, 2600, [N/A], 60, 1410, 5750, P2
2026/06/13 23:40:04.587, 100, 4, 2600, [N/A], 60, 1410, 5750, P2
2026/06/13 23:40:05.591, 100, 4, 2600, [N/A], 61, 1410, 5750, P2
2026/06/13 23:40:06.595, 100, 4, 2600, [N/A], 61, 1410, 5750, P2
2026/06/13 23:40:07.600, 100, 4, 2600, [N/A], 60, 1410, 5750, P2
2026/06/13 23:40:08.604, 100, 4, 2600, [N/A], 60, 1410, 5750, P2
2026/06/13 23:40:09.608, 100, 4, 2600, [N/A], 60, 1410, 5750, P2
2026/06/13 23:40:10.612, 100, 4, 2600, [N/A], 60, 1410, 5750, P2
2026/06/13 23:40:11.617, 100, 3, 2600, [N/A], 60, 1410, 5750, P2
2026/06/13 23:40:12.621, 100, 4, 2600, [N/A], 60, 1410, 5750, P2
2026/06/13 23:40:13.625, 100, 3, 2600, [N/A], 60, 1410, 5750, P2
2026/06/13 23:40:14.630, 100, 3, 2600, [N/A], 60, 1410, 5750, P2
2026/06/13 23:40:15.635, 100, 3, 2600, [N/A], 60, 1410, 5750, P2
2026/06/13 23:40:16.640, 100, 4, 2600, [N/A], 60, 1410, 5750, P2
2026/06/13 23:40:17.644, 100, 4, 2600, [N/A], 60, 1410, 5750, P2
2026/06/13 23:40:18.648, 100, 4, 2600, [N/A], 60, 1410, 5750, P2
2026/06/13 23:40:19.652, 100, 4, 2600, [N/A], 60, 1410, 5750, P2
2026/06/13 23:40:20.657, 100, 3, 2600, [N/A], 60, 1410, 5750, P2
2026/06/13 23:40:21.661, 100, 4, 2600, [N/A], 60, 1410, 5750, P2
2026/06/13 23:40:22.665, 100, 4, 2600, [N/A], 60, 1410, 5750, P2
2026/06/13 23:40:23.669, 100, 4, 2600, [N/A], 60, 1410, 5750, P2
2026/06/13 23:40:24.674, 100, 4, 2600, [N/A], 60, 1410, 5750, P2
2026/06/13 23:40:25.678, 100, 3, 2600, [N/A], 60, 1410, 5750, P2
2026/06/13 23:40:26.682, 100, 4, 2600, [N/A], 59, 1410, 5750, P2
2026/06/13 23:40:27.686, 100, 4, 2600, [N/A], 59, 1410, 5750, P2
2026/06/13 23:40:28.690, 100, 3, 2600, [N/A], 59, 1410, 5750, P2
2026/06/13 23:40:29.695, 100, 3, 2600, [N/A], 59, 1410, 5750, P2
2026/06/13 23:40:30.699, 100, 4, 2600, [N/A], 59, 1410, 5750, P2
2026/06/13 23:40:31.703, 100, 4, 2600, [N/A], 59, 1410, 5750, P2
2026/06/13 23:40:32.707, 100, 3, 2600, [N/A], 59, 1410, 5750, P2
2026/06/13 23:40:33.711, 100, 4, 2600, [N/A], 59, 1410, 5750, P2
2026/06/13 23:40:34.716, 100, 4, 2600, [N/A], 59, 1410, 5750, P2
2026/06/13 23:40:35.720, 100, 3, 2600, [N/A], 59, 1410, 5750, P2
2026/06/13 23:40:36.724, 100, 4, 2600, [N/A], 59, 1410, 5750, P2
2026/06/13 23:40:37.729, 100, 4, 2600, [N/A], 59, 1410, 5750, P2
2026/06/13 23:40:38.733, 100, 3, 2600, [N/A], 59, 1410, 5750, P2
2026/06/13 23:40:39.737, 100, 4, 2600, [N/A], 59, 1410, 5750, P2
2026/06/13 23:40:40.742, 100, 4, 2600, [N/A], 59, 1410, 5750, P2
2026/06/13 23:40:41.747, 100, 3, 2600, [N/A], 58, 1410, 5750, P2
2026/06/13 23:40:42.752, 100, 3, 2600, [N/A], 58, 1410, 5750, P2
2026/06/13 23:40:43.757, 100, 4, 2600, [N/A], 58, 1410, 5750, P2
2026/06/13 23:40:44.761, 100, 3, 2600, [N/A], 59, 1410, 5750, P2
2026/06/13 23:40:45.765, 100, 4, 2600, [N/A], 58, 1410, 5750, P2
2026/06/13 23:40:46.769, 100, 3, 2600, [N/A], 58, 1410, 5750, P2
2026/06/13 23:40:47.773, 100, 4, 2600, [N/A], 58, 1410, 5750, P2
2026/06/13 23:40:48.778, 100, 4, 2600, [N/A], 58, 1410, 5750, P2
2026/06/13 23:40:49.782, 100, 3, 2600, [N/A], 58, 1410, 5750, P2
2026/06/13 23:40:50.786, 100, 4, 2600, [N/A], 58, 1410, 5750, P2
2026/06/13 23:40:51.790, 100, 3, 2600, [N/A], 58, 1410, 5750, P2
2026/06/13 23:40:52.794, 100, 4, 2600, [N/A], 58, 1410, 5750, P2
2026/06/13 23:40:53.799, 100, 3, 2600, [N/A], 58, 1410, 5750, P2
2026/06/13 23:40:54.803, 100, 4, 2600, [N/A], 58, 1410, 5750, P2
2026/06/13 23:40:55.808, 100, 4, 2600, [N/A], 58, 1410, 5750, P2
2026/06/13 23:40:56.812, 100, 3, 2600, [N/A], 58, 1410, 5750, P2
2026/06/13 23:40:57.816, 100, 4, 2600, [N/A], 58, 1410, 5750, P2
2026/06/13 23:40:58.820, 100, 3, 2600, [N/A], 58, 1410, 5750, P2
2026/06/13 23:40:59.825, 100, 4, 2600, [N/A], 58, 1410, 5750, P2
2026/06/13 23:41:00.829, 100, 3, 2600, [N/A], 58, 1410, 5750, P2
2026/06/13 23:41:01.833, 100, 4, 2600, [N/A], 58, 1410, 5750, P2
2026/06/13 23:41:02.837, 100, 3, 2600, [N/A], 59, 1410, 5750, P2
2026/06/13 23:41:03.841, 100, 4, 2600, [N/A], 58, 1410, 5750, P2
2026/06/13 23:41:04.846, 100, 3, 2600, [N/A], 59, 1410, 5750, P2
2026/06/13 23:41:05.850, 100, 3, 2600, [N/A], 59, 1410, 5750, P2
2026/06/13 23:41:06.855, 100, 3, 2600, [N/A], 59, 1410, 5750, P2
2026/06/13 23:41:07.860, 100, 3, 2600, [N/A], 59, 1410, 5750, P2
2026/06/13 23:41:08.866, 100, 4, 2600, [N/A], 59, 1410, 5750, P2
2026/06/13 23:41:09.871, 100, 3, 2600, [N/A], 59, 1410, 5750, P2
2026/06/13 23:41:10.875, 100, 4, 2600, [N/A], 59, 1410, 5750, P2
2026/06/13 23:41:11.879, 100, 3, 2600, [N/A], 59, 1410, 5750, P2
2026/06/13 23:41:12.883, 100, 4, 2600, [N/A], 59, 1410, 5750, P2
2026/06/13 23:41:13.887, 100, 3, 2600, [N/A], 59, 1410, 5750, P2
2026/06/13 23:41:14.891, 100, 3, 2600, [N/A], 59, 1410, 5750, P2
2026/06/13 23:41:15.896, 100, 4, 2600, [N/A], 59, 1410, 5750, P2
2026/06/13 23:41:16.900, 100, 3, 2600, [N/A], 59, 1410, 5750, P2
2026/06/13 23:41:17.904, 100, 4, 2600, [N/A], 59, 1410, 5750, P2
2026/06/13 23:41:18.908, 100, 3, 2600, [N/A], 60, 1410, 5750, P2
2026/06/13 23:41:19.912, 100, 4, 2600, [N/A], 60, 1410, 5750, P2
2026/06/13 23:41:20.917, 100, 4, 2600, [N/A], 60, 1410, 5750, P2
2026/06/13 23:41:21.921, 100, 3, 2600, [N/A], 60, 1410, 5750, P2
2026/06/13 23:41:22.925, 100, 3, 2600, [N/A], 60, 1410, 5750, P2
2026/06/13 23:41:23.929, 100, 4, 2600, [N/A], 60, 1410, 5750, P2
2026/06/13 23:41:24.933, 100, 3, 2600, [N/A], 60, 1410, 5750, P2
2026/06/13 23:41:25.938, 100, 3, 2600, [N/A], 60, 1410, 5750, P2
2026/06/13 23:41:26.942, 100, 4, 2600, [N/A], 60, 1410, 5750, P2
2026/06/13 23:41:27.946, 100, 3, 2600, [N/A], 60, 1410, 5750, P2
2026/06/13 23:41:28.951, 100, 4, 2600, [N/A], 60, 1410, 5750, P2
2026/06/13 23:41:29.955, 100, 4, 2600, [N/A], 60, 1410, 5750, P2
2026/06/13 23:41:30.959, 100, 3, 2600, [N/A], 60, 1410, 5750, P2
2026/06/13 23:41:31.963, 100, 3, 2600, [N/A], 60, 1410, 5750, P2
2026/06/13 23:41:32.968, 100, 4, 2600, [N/A], 60, 1410, 5750, P2
2026/06/13 23:41:33.972, 100, 3, 2600, [N/A], 60, 1410, 5750, P2
2026/06/13 23:41:34.976, 100, 3, 2600, [N/A], 60, 1410, 5750, P2
2026/06/13 23:41:35.980, 100, 4, 2600, [N/A], 60, 1410, 5750, P2
2026/06/13 23:41:36.985, 100, 4, 2600, [N/A], 60, 1410, 5750, P2
2026/06/13 23:41:37.989, 100, 3, 2600, [N/A], 61, 1410, 5750, P2
2026/06/13 23:41:38.993, 100, 3, 2600, [N/A], 61, 1410, 5750, P2
2026/06/13 23:41:39.997, 100, 4, 2600, [N/A], 60, 1410, 5750, P2
2026/06/13 23:41:41.002, 100, 3, 2600, [N/A], 60, 1410, 5750, P2
2026/06/13 23:41:42.006, 100, 3, 2600, [N/A], 60, 1410, 5750, P2
2026/06/13 23:41:43.010, 100, 3, 2600, [N/A], 60, 1410, 5750, P2
2026/06/13 23:41:44.015, 100, 4, 2600, [N/A], 61, 1410, 5750, P2
2026/06/13 23:41:45.019, 100, 3, 2600, [N/A], 60, 1410, 5750, P2
2026/06/13 23:41:46.023, 100, 3, 2600, [N/A], 60, 1410, 5750, P2
2026/06/13 23:41:47.027, 100, 3, 2600, [N/A], 60, 1410, 5750, P2
2026/06/13 23:41:48.031, 100, 3, 2600, [N/A], 60, 1410, 5750, P2
2026/06/13 23:41:49.035, 100, 4, 2600, [N/A], 60, 1410, 5750, P2
2026/06/13 23:41:50.040, 100, 3, 2600, [N/A], 60, 1410, 5750, P2
2026/06/13 23:41:51.044, 100, 3, 2600, [N/A], 60, 1410, 5750, P2
2026/06/13 23:41:52.048, 100, 3, 2600, [N/A], 60, 1410, 5750, P2
2026/06/13 23:41:53.052, 100, 3, 2600, [N/A], 60, 1410, 5750, P2
2026/06/13 23:41:54.057, 100, 4, 2600, [N/A], 60, 1410, 5750, P2
2026/06/13 23:41:55.061, 100, 3, 2600, [N/A], 60, 1410, 5750, P2
2026/06/13 23:41:56.066, 100, 3, 2600, [N/A], 60, 1410, 5750, P2
2026/06/13 23:41:57.070, 100, 3, 2600, [N/A], 60, 1410, 5750, P2
2026/06/13 23:41:58.074, 100, 3, 2600, [N/A], 60, 1410, 5750, P2
2026/06/13 23:41:59.078, 100, 3, 2600, [N/A], 60, 1410, 5750, P2
2026/06/13 23:42:00.082, 100, 4, 2600, [N/A], 60, 1410, 5750, P2
2026/06/13 23:42:01.087, 100, 3, 2600, [N/A], 60, 1410, 5750, P2
2026/06/13 23:42:02.091, 100, 3, 2600, [N/A], 60, 1410, 5750, P2
2026/06/13 23:42:03.095, 100, 3, 2600, [N/A], 60, 1410, 5750, P2
2026/06/13 23:42:04.100, 100, 3, 2600, [N/A], 60, 1410, 5750, P2
2026/06/13 23:42:05.104, 100, 3, 2600, [N/A], 59, 1410, 5750, P2
2026/06/13 23:42:06.108, 100, 4, 2600, [N/A], 59, 1410, 5750, P2
2026/06/13 23:42:07.113, 100, 4, 2600, [N/A], 59, 1410, 5750, P2
2026/06/13 23:42:08.118, 100, 3, 2600, [N/A], 59, 1410, 5750, P2
2026/06/13 23:42:09.124, 100, 3, 2600, [N/A], 59, 1410, 5750, P2
2026/06/13 23:42:10.129, 100, 3, 2600, [N/A], 59, 1410, 5750, P2
2026/06/13 23:42:11.133, 100, 3, 2600, [N/A], 59, 1410, 5750, P2
2026/06/13 23:42:12.137, 100, 4, 2600, [N/A], 59, 1410, 5750, P2
2026/06/13 23:42:13.142, 100, 3, 2600, [N/A], 59, 1410, 5750, P2
2026/06/13 23:42:14.146, 100, 3, 2600, [N/A], 59, 1410, 5750, P2
2026/06/13 23:42:15.151, 100, 3, 2600, [N/A], 59, 1410, 5750, P2
2026/06/13 23:42:16.155, 100, 3, 2600, [N/A], 59, 1410, 5750, P2
2026/06/13 23:42:17.159, 100, 3, 2600, [N/A], 59, 1410, 5750, P2
2026/06/13 23:42:18.164, 100, 3, 2600, [N/A], 58, 1410, 5750, P2
2026/06/13 23:42:19.168, 100, 4, 2600, [N/A], 58, 1410, 5750, P2
2026/06/13 23:42:20.172, 100, 3, 2600, [N/A], 58, 1410, 5750, P2
2026/06/13 23:42:21.177, 100, 4, 2600, [N/A], 58, 1410, 5750, P2
2026/06/13 23:42:22.182, 100, 3, 2600, [N/A], 58, 1410, 5750, P2
2026/06/13 23:42:23.186, 100, 3, 2600, [N/A], 58, 1410, 5750, P2
2026/06/13 23:42:24.190, 100, 3, 2600, [N/A], 58, 1410, 5750, P2
2026/06/13 23:42:25.194, 100, 3, 2600, [N/A], 58, 1410, 5750, P2
2026/06/13 23:42:26.199, 100, 3, 2600, [N/A], 58, 1410, 5750, P2
2026/06/13 23:42:27.203, 100, 3, 2600, [N/A], 58, 1410, 5750, P2
2026/06/13 23:42:28.208, 100, 3, 2600, [N/A], 58, 1410, 5750, P2
2026/06/13 23:42:29.212, 100, 3, 2600, [N/A], 58, 1410, 5750, P2
2026/06/13 23:42:30.217, 100, 4, 2600, [N/A], 58, 1410, 5750, P2
2026/06/13 23:42:31.221, 100, 3, 2600, [N/A], 58, 1410, 5750, P2
2026/06/13 23:42:32.225, 100, 3, 2600, [N/A], 58, 1410, 5750, P2
2026/06/13 23:42:33.229, 100, 3, 2600, [N/A], 58, 1410, 5750, P2
2026/06/13 23:42:34.234, 100, 3, 2600, [N/A], 58, 1410, 5750, P2
2026/06/13 23:42:35.238, 100, 3, 2600, [N/A], 59, 1410, 5750, P2
2026/06/13 23:42:36.242, 100, 3, 2600, [N/A], 58, 1410, 5750, P2
2026/06/13 23:42:37.247, 100, 3, 2600, [N/A], 58, 1410, 5750, P2
2026/06/13 23:42:38.251, 100, 3, 2600, [N/A], 58, 1410, 5750, P2
2026/06/13 23:42:39.255, 100, 3, 2600, [N/A], 58, 1410, 5750, P2
2026/06/13 23:42:40.260, 100, 4, 2600, [N/A], 58, 1410, 5750, P2
2026/06/13 23:42:41.265, 100, 3, 2600, [N/A], 58, 1410, 5750, P2
2026/06/13 23:42:42.269, 100, 3, 2600, [N/A], 58, 1410, 5750, P2
2026/06/13 23:42:43.273, 100, 3, 2600, [N/A], 59, 1410, 5750, P2
2026/06/13 23:42:44.277, 100, 3, 2600, [N/A], 59, 1410, 5750, P2
2026/06/13 23:42:45.282, 100, 3, 2600, [N/A], 59, 1410, 5750, P2
2026/06/13 23:42:46.286, 100, 3, 2600, [N/A], 59, 1410, 5750, P2
2026/06/13 23:42:47.290, 100, 3, 2600, [N/A], 59, 1410, 5750, P2
2026/06/13 23:42:48.294, 100, 3, 2600, [N/A], 59, 1410, 5750, P2
2026/06/13 23:42:49.298, 100, 3, 2600, [N/A], 59, 1410, 5750, P2
2026/06/13 23:42:50.303, 100, 3, 2600, [N/A], 59, 1410, 5750, P2
2026/06/13 23:42:51.307, 100, 3, 2600, [N/A], 59, 1410, 5750, P2
2026/06/13 23:42:52.311, 100, 3, 2600, [N/A], 59, 1410, 5750, P2
2026/06/13 23:42:53.316, 100, 3, 2600, [N/A], 59, 1410, 5750, P2
2026/06/13 23:42:54.320, 100, 3, 2600, [N/A], 59, 1410, 5750, P2
2026/06/13 23:42:55.325, 100, 3, 2600, [N/A], 59, 1410, 5750, P2
2026/06/13 23:42:56.329, 100, 3, 2600, [N/A], 60, 1410, 5750, P2
2026/06/13 23:42:57.333, 100, 3, 2600, [N/A], 60, 1410, 5750, P2
2026/06/13 23:42:58.338, 100, 3, 2600, [N/A], 60, 1410, 5750, P2
2026/06/13 23:42:59.342, 100, 3, 2600, [N/A], 60, 1410, 5750, P2
2026/06/13 23:43:00.347, 100, 3, 2600, [N/A], 60, 1410, 5750, P2
2026/06/13 23:43:01.353, 100, 3, 2600, [N/A], 60, 1410, 5750, P2
2026/06/13 23:43:02.358, 100, 3, 2600, [N/A], 60, 1410, 5750, P2
2026/06/13 23:43:03.363, 100, 3, 2600, [N/A], 60, 1410, 5750, P2
2026/06/13 23:43:04.368, 100, 3, 2600, [N/A], 60, 1410, 5750, P2
2026/06/13 23:43:05.372, 100, 3, 2600, [N/A], 60, 1410, 5750, P2
2026/06/13 23:43:06.376, 100, 3, 2600, [N/A], 60, 1410, 5750, P2
2026/06/13 23:43:07.381, 100, 3, 2600, [N/A], 60, 1410, 5750, P2
2026/06/13 23:43:08.385, 100, 3, 2600, [N/A], 60, 1410, 5750, P2
2026/06/13 23:43:09.389, 99, 5, 2600, [N/A], 60, 1410, 5750, P2
2026/06/13 23:43:10.396, 100, 4, 2600, [N/A], 61, 1410, 5750, P2
2026/06/13 23:43:11.401, 100, 4, 2600, [N/A], 61, 1410, 5750, P2
2026/06/13 23:43:12.406, 100, 4, 2600, [N/A], 60, 1410, 5750, P2
2026/06/13 23:43:13.410, 100, 4, 2600, [N/A], 61, 1410, 5750, P2
2026/06/13 23:43:14.415, 100, 4, 2600, [N/A], 61, 1410, 5750, P2
2026/06/13 23:43:15.419, 100, 4, 2600, [N/A], 61, 1410, 5750, P2
2026/06/13 23:43:16.424, 100, 4, 2600, [N/A], 60, 1410, 5750, P2
2026/06/13 23:43:17.431, 100, 4, 2600, [N/A], 61, 1410, 5750, P2
2026/06/13 23:43:18.435, 100, 4, 2600, [N/A], 61, 1410, 5750, P2
2026/06/13 23:43:19.439, 100, 4, 2600, [N/A], 60, 1410, 5750, P2
2026/06/13 23:43:20.444, 100, 4, 2600, [N/A], 60, 1410, 5750, P2
2026/06/13 23:43:21.448, 100, 4, 2600, [N/A], 61, 1410, 5750, P2
2026/06/13 23:43:22.452, 100, 4, 2600, [N/A], 60, 1410, 5750, P2
2026/06/13 23:43:23.457, 100, 4, 2600, [N/A], 61, 1410, 5750, P2
2026/06/13 23:43:24.461, 100, 4, 2600, [N/A], 60, 1410, 5750, P2
2026/06/13 23:43:25.466, 100, 4, 2600, [N/A], 61, 1410, 5750, P2
2026/06/13 23:43:26.470, 100, 4, 2600, [N/A], 61, 1410, 5750, P2
2026/06/13 23:43:27.476, 100, 4, 2600, [N/A], 60, 1410, 5750, P2
2026/06/13 23:43:28.482, 100, 4, 2600, [N/A], 60, 1410, 5750, P2
2026/06/13 23:43:29.486, 100, 4, 2600, [N/A], 60, 1410, 5750, P2
2026/06/13 23:43:30.491, 100, 4, 2600, [N/A], 60, 1410, 5750, P2
2026/06/13 23:43:31.495, 100, 4, 2600, [N/A], 60, 1410, 5750, P2
2026/06/13 23:43:32.500, 100, 4, 2600, [N/A], 60, 1410, 5750, P2
2026/06/13 23:43:33.504, 100, 4, 2600, [N/A], 60, 1410, 5750, P2
2026/06/13 23:43:34.509, 100, 4, 2600, [N/A], 60, 1410, 5750, P2
2026/06/13 23:43:35.513, 100, 4, 2600, [N/A], 60, 1410, 5750, P2
2026/06/13 23:43:36.517, 100, 4, 2600, [N/A], 60, 1410, 5750, P2
2026/06/13 23:43:37.522, 100, 4, 2600, [N/A], 60, 1410, 5750, P2
2026/06/13 23:43:38.526, 100, 4, 2600, [N/A], 60, 1410, 5750, P2
2026/06/13 23:43:39.530, 100, 4, 2600, [N/A], 60, 1410, 5750, P2
2026/06/13 23:43:40.534, 100, 4, 2600, [N/A], 60, 1410, 5750, P2
2026/06/13 23:43:41.538, 100, 4, 2600, [N/A], 59, 1410, 5750, P2
2026/06/13 23:43:42.543, 100, 4, 2600, [N/A], 59, 1410, 5750, P2
2026/06/13 23:43:43.547, 100, 4, 2600, [N/A], 59, 1410, 5750, P2
2026/06/13 23:43:44.552, 100, 4, 2600, [N/A], 59, 1410, 5750, P2
2026/06/13 23:43:45.556, 100, 4, 2600, [N/A], 59, 1410, 5750, P2
2026/06/13 23:43:46.561, 100, 4, 2600, [N/A], 59, 1410, 5750, P2
2026/06/13 23:43:47.565, 100, 4, 2600, [N/A], 59, 1410, 5750, P2
2026/06/13 23:43:48.569, 100, 4, 2600, [N/A], 59, 1410, 5750, P2
2026/06/13 23:43:49.573, 100, 4, 2600, [N/A], 59, 1410, 5750, P2
2026/06/13 23:43:50.578, 100, 4, 2600, [N/A], 59, 1410, 5750, P2
2026/06/13 23:43:51.582, 100, 4, 2600, [N/A], 59, 1410, 5750, P2
2026/06/13 23:43:52.586, 100, 4, 2600, [N/A], 59, 1410, 5750, P2
2026/06/13 23:43:53.590, 100, 4, 2600, [N/A], 59, 1410, 5750, P2
2026/06/13 23:43:54.595, 100, 4, 2600, [N/A], 59, 1410, 5750, P2
2026/06/13 23:43:55.599, 100, 4, 2600, [N/A], 59, 1410, 5750, P2
2026/06/13 23:43:56.603, 100, 4, 2600, [N/A], 59, 1410, 5750, P2
2026/06/13 23:43:57.607, 100, 4, 2600, [N/A], 59, 1410, 5750, P2
2026/06/13 23:43:58.612, 100, 4, 2600, [N/A], 58, 1410, 5750, P2
2026/06/13 23:43:59.616, 100, 4, 2600, [N/A], 58, 1410, 5750, P2
2026/06/13 23:44:00.620, 100, 4, 2600, [N/A], 58, 1410, 5750, P2
2026/06/13 23:44:01.624, 100, 4, 2600, [N/A], 58, 1410, 5750, P2
2026/06/13 23:44:02.628, 100, 4, 2600, [N/A], 58, 1410, 5750, P2
2026/06/13 23:44:03.632, 100, 4, 2600, [N/A], 58, 1410, 5750, P2
2026/06/13 23:44:04.637, 100, 4, 2600, [N/A], 58, 1410, 5750, P2
2026/06/13 23:44:05.641, 100, 4, 2600, [N/A], 58, 1410, 5750, P2
2026/06/13 23:44:06.645, 100, 4, 2600, [N/A], 58, 1410, 5750, P2
2026/06/13 23:44:07.650, 100, 4, 2600, [N/A], 58, 1410, 5750, P2
2026/06/13 23:44:08.654, 100, 4, 2600, [N/A], 58, 1410, 5750, P2
2026/06/13 23:44:09.658, 100, 4, 2600, [N/A], 58, 1410, 5750, P2
2026/06/13 23:44:10.663, 100, 4, 2600, [N/A], 58, 1410, 5750, P2
2026/06/13 23:44:11.667, 100, 4, 2600, [N/A], 58, 1410, 5750, P2
2026/06/13 23:44:12.671, 100, 4, 2600, [N/A], 58, 1410, 5750, P2
2026/06/13 23:44:13.675, 100, 4, 2600, [N/A], 58, 1410, 5750, P2
2026/06/13 23:44:14.680, 100, 4, 2600, [N/A], 58, 1410, 5750, P2
2026/06/13 23:44:15.684, 100, 4, 2600, [N/A], 58, 1410, 5750, P2
2026/06/13 23:44:16.689, 100, 4, 2600, [N/A], 58, 1410, 5750, P2
2026/06/13 23:44:17.693, 100, 4, 2600, [N/A], 59, 1410, 5750, P2
2026/06/13 23:44:18.698, 100, 4, 2600, [N/A], 58, 1410, 5750, P2
2026/06/13 23:44:19.703, 100, 4, 2600, [N/A], 58, 1410, 5750, P2
2026/06/13 23:44:20.708, 100, 4, 2600, [N/A], 59, 1410, 5750, P2
2026/06/13 23:44:21.713, 100, 4, 2600, [N/A], 59, 1410, 5750, P2
2026/06/13 23:44:22.717, 100, 4, 2600, [N/A], 59, 1410, 5750, P2
2026/06/13 23:44:23.722, 100, 4, 2600, [N/A], 59, 1410, 5750, P2
2026/06/13 23:44:24.726, 100, 4, 2600, [N/A], 59, 1410, 5750, P2
2026/06/13 23:44:25.730, 100, 4, 2600, [N/A], 59, 1410, 5750, P2
2026/06/13 23:44:26.734, 100, 4, 2600, [N/A], 59, 1410, 5750, P2
2026/06/13 23:44:27.738, 100, 4, 2600, [N/A], 59, 1410, 5750, P2
2026/06/13 23:44:28.743, 100, 4, 2600, [N/A], 59, 1410, 5750, P2
2026/06/13 23:44:29.747, 100, 4, 2600, [N/A], 59, 1410, 5750, P2
2026/06/13 23:44:30.751, 100, 4, 2600, [N/A], 59, 1410, 5750, P2
2026/06/13 23:44:31.755, 100, 4, 2600, [N/A], 59, 1410, 5750, P2
2026/06/13 23:44:32.759, 100, 4, 2600, [N/A], 59, 1410, 5750, P2
2026/06/13 23:44:33.764, 100, 4, 2600, [N/A], 59, 1410, 5750, P2
2026/06/13 23:44:34.880, 100, 4, 2600, [N/A], 60, 1410, 5750, P2
2026/06/13 23:44:35.886, 100, 3, 2600, [N/A], 60, 1410, 5750, P2
2026/06/13 23:44:36.890, 100, 4, 2600, [N/A], 60, 1410, 5750, P2
2026/06/13 23:44:37.894, 100, 4, 2600, [N/A], 60, 1410, 5750, P2
2026/06/13 23:44:38.899, 100, 4, 2600, [N/A], 60, 1410, 5750, P2
2026/06/13 23:44:39.903, 100, 4, 2600, [N/A], 60, 1410, 5750, P2
2026/06/13 23:44:40.908, 100, 4, 2600, [N/A], 60, 1410, 5750, P2
2026/06/13 23:44:41.912, 100, 4, 2600, [N/A], 60, 1410, 5750, P2
2026/06/13 23:44:42.924, 100, 4, 2600, [N/A], 60, 1410, 5750, P2
2026/06/13 23:44:43.929, 100, 4, 2600, [N/A], 60, 1410, 5750, P2
2026/06/13 23:44:44.933, 100, 4, 2600, [N/A], 60, 1410, 5750, P2
2026/06/13 23:44:45.937, 100, 4, 2600, [N/A], 60, 1410, 5750, P2
2026/06/13 23:44:46.941, 100, 4, 2600, [N/A], 60, 1410, 5750, P2
2026/06/13 23:44:47.945, 100, 4, 2600, [N/A], 60, 1410, 5750, P2
2026/06/13 23:44:48.950, 100, 4, 2600, [N/A], 60, 1410, 5750, P2
2026/06/13 23:44:49.954, 100, 4, 2600, [N/A], 60, 1410, 5750, P2
2026/06/13 23:44:50.958, 100, 4, 2600, [N/A], 60, 1410, 5750, P2
2026/06/13 23:44:51.962, 100, 4, 2600, [N/A], 60, 1410, 5750, P2
2026/06/13 23:44:52.966, 100, 4, 2600, [N/A], 60, 1410, 5750, P2
2026/06/13 23:44:53.970, 100, 4, 2600, [N/A], 61, 1410, 5750, P2
2026/06/13 23:44:54.974, 100, 4, 2600, [N/A], 60, 1410, 5750, P2
2026/06/13 23:44:55.979, 100, 4, 2600, [N/A], 61, 1410, 5750, P2
2026/06/13 23:44:56.983, 100, 4, 2600, [N/A], 61, 1410, 5750, P2
2026/06/13 23:44:57.988, 100, 4, 2600, [N/A], 60, 1410, 5750, P2
2026/06/13 23:44:58.993, 100, 4, 2600, [N/A], 61, 1410, 5750, P2
2026/06/13 23:44:59.998, 100, 4, 2600, [N/A], 60, 1410, 5750, P2
2026/06/13 23:45:01.003, 100, 4, 2600, [N/A], 60, 1410, 5750, P2
2026/06/13 23:45:02.007, 100, 4, 2600, [N/A], 60, 1410, 5750, P2
2026/06/13 23:45:03.012, 100, 4, 2600, [N/A], 60, 1410, 5750, P2
2026/06/13 23:45:04.017, 100, 4, 2600, [N/A], 60, 1410, 5750, P2
2026/06/13 23:45:05.036, 100, 4, 2600, [N/A], 60, 1410, 5750, P2
2026/06/13 23:45:06.040, 100, 3, 2600, [N/A], 60, 1410, 5750, P2
2026/06/13 23:45:07.044, 100, 3, 2600, [N/A], 60, 1410, 5750, P2
2026/06/13 23:45:08.048, 100, 4, 2600, [N/A], 60, 1410, 5750, P2
2026/06/13 23:45:09.053, 100, 4, 2600, [N/A], 60, 1410, 5750, P2
2026/06/13 23:45:10.057, 100, 4, 2600, [N/A], 60, 1410, 5750, P2
2026/06/13 23:45:11.062, 100, 4, 2600, [N/A], 60, 1410, 5750, P2
2026/06/13 23:45:12.068, 100, 4, 2600, [N/A], 60, 1410, 5750, P2
2026/06/13 23:45:13.072, 100, 3, 2600, [N/A], 60, 1410, 5750, P2
2026/06/13 23:45:14.076, 100, 4, 2600, [N/A], 60, 1410, 5750, P2
2026/06/13 23:45:15.080, 100, 4, 2600, [N/A], 60, 1410, 5750, P2
2026/06/13 23:45:16.085, 100, 4, 2600, [N/A], 60, 1410, 5750, P2
2026/06/13 23:45:17.089, 100, 3, 2600, [N/A], 60, 1410, 5750, P2
2026/06/13 23:45:18.093, 100, 4, 2600, [N/A], 60, 1410, 5750, P2
2026/06/13 23:45:19.098, 100, 4, 2600, [N/A], 60, 1410, 5750, P2
2026/06/13 23:45:20.102, 100, 3, 2600, [N/A], 60, 1410, 5750, P2
2026/06/13 23:45:21.106, 100, 4, 2600, [N/A], 60, 1410, 5750, P2
2026/06/13 23:45:22.110, 100, 4, 2600, [N/A], 59, 1410, 5750, P2
2026/06/13 23:45:23.115, 100, 4, 2600, [N/A], 59, 1410, 5750, P2
2026/06/13 23:45:24.119, 100, 4, 2600, [N/A], 59, 1410, 5750, P2
2026/06/13 23:45:25.123, 100, 4, 2600, [N/A], 59, 1410, 5750, P2
2026/06/13 23:45:26.127, 100, 4, 2600, [N/A], 59, 1410, 5750, P2
2026/06/13 23:45:27.132, 100, 4, 2600, [N/A], 59, 1410, 5750, P2
2026/06/13 23:45:28.136, 100, 4, 2600, [N/A], 59, 1410, 5750, P2
2026/06/13 23:45:29.140, 100, 4, 2600, [N/A], 59, 1410, 5750, P2
2026/06/13 23:45:30.144, 100, 4, 2600, [N/A], 59, 1410, 5750, P2
2026/06/13 23:45:31.149, 100, 4, 2600, [N/A], 59, 1410, 5750, P2
2026/06/13 23:45:32.153, 100, 3, 2600, [N/A], 59, 1410, 5750, P2
2026/06/13 23:45:33.157, 100, 4, 2600, [N/A], 59, 1410, 5750, P2
2026/06/13 23:45:34.162, 100, 4, 2600, [N/A], 59, 1410, 5750, P2
2026/06/13 23:45:35.166, 100, 4, 2600, [N/A], 58, 1410, 5750, P2
2026/06/13 23:45:36.170, 100, 3, 2600, [N/A], 58, 1410, 5750, P2
2026/06/13 23:45:37.174, 100, 4, 2600, [N/A], 58, 1410, 5750, P2
2026/06/13 23:45:38.179, 100, 4, 2600, [N/A], 58, 1410, 5750, P2
2026/06/13 23:45:39.183, 100, 3, 2600, [N/A], 58, 1410, 5750, P2
2026/06/13 23:45:40.187, 100, 4, 2600, [N/A], 58, 1410, 5750, P2
2026/06/13 23:45:41.191, 100, 3, 2600, [N/A], 58, 1410, 5750, P2
2026/06/13 23:45:42.196, 100, 3, 2600, [N/A], 58, 1410, 5750, P2
2026/06/13 23:45:43.200, 100, 4, 2600, [N/A], 58, 1410, 5750, P2
2026/06/13 23:45:44.204, 100, 3, 2600, [N/A], 58, 1410, 5750, P2
2026/06/13 23:45:45.209, 100, 3, 2600, [N/A], 58, 1410, 5750, P2
2026/06/13 23:45:46.214, 100, 4, 2600, [N/A], 58, 1410, 5750, P2
2026/06/13 23:45:47.218, 100, 3, 2600, [N/A], 58, 1410, 5750, P2
2026/06/13 23:45:48.222, 100, 3, 2600, [N/A], 58, 1410, 5750, P2
2026/06/13 23:45:49.226, 100, 4, 2600, [N/A], 58, 1410, 5750, P2
2026/06/13 23:45:50.230, 100, 4, 2600, [N/A], 58, 1410, 5750, P2
2026/06/13 23:45:51.235, 100, 3, 2600, [N/A], 58, 1410, 5750, P2
2026/06/13 23:45:52.239, 100, 3, 2600, [N/A], 58, 1410, 5750, P2
2026/06/13 23:45:53.243, 100, 4, 2600, [N/A], 58, 1410, 5750, P2
2026/06/13 23:45:54.247, 100, 4, 2600, [N/A], 58, 1410, 5750, P2
2026/06/13 23:45:55.252, 100, 4, 2600, [N/A], 58, 1410, 5750, P2
2026/06/13 23:45:56.256, 100, 4, 2600, [N/A], 58, 1410, 5750, P2
2026/06/13 23:45:57.260, 100, 4, 2600, [N/A], 58, 1410, 5750, P2
2026/06/13 23:45:58.265, 100, 4, 2600, [N/A], 58, 1410, 5750, P2
2026/06/13 23:45:59.269, 100, 4, 2600, [N/A], 59, 1410, 5750, P2
2026/06/13 23:46:00.274, 100, 4, 2600, [N/A], 58, 1410, 5750, P2
2026/06/13 23:46:01.278, 100, 3, 2600, [N/A], 59, 1410, 5750, P2
2026/06/13 23:46:02.282, 100, 3, 2600, [N/A], 59, 1410, 5750, P2
2026/06/13 23:46:03.286, 100, 3, 2600, [N/A], 59, 1410, 5750, P2
2026/06/13 23:46:04.290, 100, 3, 2600, [N/A], 59, 1410, 5750, P2
2026/06/13 23:46:05.294, 100, 3, 2600, [N/A], 59, 1410, 5750, P2
2026/06/13 23:46:06.299, 100, 3, 2600, [N/A], 59, 1410, 5750, P2
2026/06/13 23:46:07.303, 100, 4, 2600, [N/A], 59, 1410, 5750, P2
2026/06/13 23:46:08.307, 100, 4, 2600, [N/A], 59, 1410, 5750, P2
2026/06/13 23:46:09.311, 100, 4, 2600, [N/A], 59, 1410, 5750, P2
2026/06/13 23:46:10.315, 100, 4, 2600, [N/A], 59, 1410, 5750, P2
2026/06/13 23:46:11.319, 100, 4, 2600, [N/A], 59, 1410, 5750, P2
2026/06/13 23:46:12.324, 100, 4, 2600, [N/A], 59, 1410, 5750, P2
2026/06/13 23:46:13.328, 100, 4, 2600, [N/A], 60, 1410, 5750, P2
2026/06/13 23:46:14.332, 100, 4, 2600, [N/A], 59, 1410, 5750, P2
2026/06/13 23:46:15.337, 100, 4, 2600, [N/A], 60, 1410, 5750, P2
2026/06/13 23:46:16.343, 100, 4, 2600, [N/A], 60, 1410, 5750, P2
2026/06/13 23:46:17.347, 100, 4, 2600, [N/A], 60, 1410, 5750, P2
2026/06/13 23:46:18.352, 100, 4, 2600, [N/A], 60, 1410, 5750, P2
2026/06/13 23:46:19.356, 100, 4, 2600, [N/A], 60, 1410, 5750, P2
2026/06/13 23:46:20.361, 100, 4, 2600, [N/A], 60, 1410, 5750, P2
2026/06/13 23:46:21.365, 100, 4, 2600, [N/A], 60, 1410, 5750, P2
2026/06/13 23:46:22.369, 100, 4, 2600, [N/A], 60, 1410, 5750, P2
2026/06/13 23:46:23.373, 100, 4, 2600, [N/A], 60, 1410, 5750, P2
2026/06/13 23:46:24.378, 100, 3, 2600, [N/A], 60, 1410, 5750, P2
2026/06/13 23:46:25.382, 100, 3, 2600, [N/A], 60, 1410, 5750, P2
2026/06/13 23:46:26.387, 100, 4, 2600, [N/A], 60, 1410, 5750, P2
2026/06/13 23:46:27.391, 100, 3, 2600, [N/A], 60, 1410, 5750, P2
2026/06/13 23:46:28.395, 100, 4, 2600, [N/A], 60, 1410, 5750, P2
2026/06/13 23:46:29.400, 100, 4, 2600, [N/A], 60, 1410, 5750, P2
2026/06/13 23:46:30.404, 100, 4, 2600, [N/A], 60, 1410, 5750, P2
2026/06/13 23:46:31.408, 100, 3, 2600, [N/A], 61, 1410, 5750, P2
2026/06/13 23:46:32.412, 100, 4, 2600, [N/A], 61, 1410, 5750, P2
2026/06/13 23:46:33.416, 100, 4, 2600, [N/A], 61, 1410, 5750, P2
2026/06/13 23:46:34.421, 100, 4, 2600, [N/A], 61, 1410, 5750, P2
2026/06/13 23:46:35.425, 100, 3, 2600, [N/A], 61, 1410, 5750, P2
2026/06/13 23:46:36.429, 100, 4, 2600, [N/A], 61, 1410, 5750, P2
2026/06/13 23:46:37.434, 100, 4, 2600, [N/A], 61, 1410, 5750, P2
2026/06/13 23:46:38.438, 100, 4, 2600, [N/A], 61, 1410, 5750, P2
2026/06/13 23:46:39.442, 100, 4, 2600, [N/A], 61, 1410, 5750, P2
2026/06/13 23:46:40.446, 100, 3, 2600, [N/A], 61, 1410, 5750, P2
2026/06/13 23:46:41.451, 100, 4, 2600, [N/A], 61, 1410, 5750, P2
2026/06/13 23:46:42.455, 100, 4, 2600, [N/A], 60, 1410, 5750, P2
2026/06/13 23:46:43.459, 100, 4, 2600, [N/A], 61, 1410, 5750, P2
2026/06/13 23:46:44.463, 100, 3, 2600, [N/A], 61, 1410, 5750, P2
2026/06/13 23:46:45.467, 100, 4, 2600, [N/A], 61, 1410, 5750, P2
2026/06/13 23:46:46.472, 100, 4, 2600, [N/A], 61, 1410, 5750, P2
2026/06/13 23:46:47.476, 100, 3, 2600, [N/A], 61, 1410, 5750, P2
2026/06/13 23:46:48.481, 100, 4, 2600, [N/A], 60, 1410, 5750, P2
2026/06/13 23:46:49.485, 100, 4, 2600, [N/A], 60, 1410, 5750, P2
2026/06/13 23:46:50.489, 100, 3, 2600, [N/A], 60, 1410, 5750, P2
2026/06/13 23:46:51.494, 100, 4, 2600, [N/A], 60, 1410, 5750, P2
2026/06/13 23:46:52.498, 100, 4, 2600, [N/A], 60, 1410, 5750, P2
2026/06/13 23:46:53.502, 100, 3, 2600, [N/A], 60, 1410, 5750, P2
2026/06/13 23:46:54.507, 100, 4, 2600, [N/A], 60, 1410, 5750, P2
2026/06/13 23:46:55.511, 100, 3, 2600, [N/A], 60, 1410, 5750, P2
2026/06/13 23:46:56.515, 100, 3, 2600, [N/A], 60, 1410, 5750, P2
2026/06/13 23:46:57.520, 100, 4, 2600, [N/A], 60, 1410, 5750, P2
2026/06/13 23:46:58.524, 100, 3, 2600, [N/A], 60, 1410, 5750, P2
2026/06/13 23:46:59.528, 100, 4, 2600, [N/A], 60, 1410, 5750, P2
2026/06/13 23:47:00.533, 100, 3, 2600, [N/A], 60, 1410, 5750, P2
2026/06/13 23:47:01.537, 100, 4, 2600, [N/A], 59, 1410, 5750, P2
2026/06/13 23:47:02.541, 100, 4, 2600, [N/A], 59, 1410, 5750, P2
2026/06/13 23:47:03.545, 100, 3, 2600, [N/A], 59, 1410, 5750, P2
2026/06/13 23:47:04.550, 100, 4, 2600, [N/A], 59, 1410, 5750, P2
2026/06/13 23:47:05.554, 100, 3, 2600, [N/A], 59, 1410, 5750, P2
2026/06/13 23:47:06.558, 100, 4, 2600, [N/A], 59, 1410, 5750, P2
2026/06/13 23:47:07.563, 100, 3, 2600, [N/A], 59, 1410, 5750, P2
2026/06/13 23:47:08.567, 100, 4, 2600, [N/A], 59, 1410, 5750, P2
2026/06/13 23:47:09.571, 100, 3, 2600, [N/A], 59, 1410, 5750, P2
2026/06/13 23:47:10.576, 100, 4, 2600, [N/A], 59, 1410, 5750, P2
2026/06/13 23:47:11.580, 100, 3, 2600, [N/A], 59, 1410, 5750, P2
2026/06/13 23:47:12.584, 100, 4, 2600, [N/A], 59, 1410, 5750, P2
2026/06/13 23:47:13.588, 100, 3, 2600, [N/A], 58, 1410, 5750, P2
2026/06/13 23:47:14.593, 100, 4, 2600, [N/A], 58, 1410, 5750, P2
2026/06/13 23:47:15.598, 100, 3, 2600, [N/A], 58, 1410, 5750, P2
2026/06/13 23:47:16.603, 100, 4, 2600, [N/A], 58, 1410, 5750, P2
2026/06/13 23:47:17.608, 100, 3, 2600, [N/A], 58, 1410, 5750, P2
2026/06/13 23:47:18.612, 100, 4, 2600, [N/A], 58, 1410, 5750, P2
2026/06/13 23:47:19.617, 100, 3, 2600, [N/A], 58, 1410, 5750, P2
2026/06/13 23:47:20.621, 100, 4, 2600, [N/A], 58, 1410, 5750, P2
2026/06/13 23:47:21.627, 100, 3, 2600, [N/A], 58, 1410, 5750, P2
2026/06/13 23:47:22.632, 100, 4, 2600, [N/A], 58, 1410, 5750, P2
2026/06/13 23:47:23.637, 100, 3, 2600, [N/A], 58, 1410, 5750, P2
2026/06/13 23:47:24.642, 100, 3, 2600, [N/A], 58, 1410, 5750, P2
2026/06/13 23:47:25.646, 100, 4, 2600, [N/A], 58, 1410, 5750, P2
2026/06/13 23:47:26.650, 100, 3, 2600, [N/A], 58, 1410, 5750, P2
2026/06/13 23:47:27.655, 100, 3, 2600, [N/A], 58, 1410, 5750, P2
2026/06/13 23:47:28.659, 100, 3, 2600, [N/A], 58, 1410, 5750, P2
2026/06/13 23:47:29.663, 100, 3, 2600, [N/A], 58, 1410, 5750, P2
2026/06/13 23:47:30.667, 100, 4, 2600, [N/A], 58, 1410, 5750, P2
2026/06/13 23:47:31.672, 100, 4, 2600, [N/A], 58, 1410, 5750, P2
2026/06/13 23:47:32.676, 100, 3, 2600, [N/A], 58, 1410, 5750, P2
2026/06/13 23:47:33.680, 100, 4, 2600, [N/A], 58, 1410, 5750, P2
2026/06/13 23:47:34.684, 100, 3, 2600, [N/A], 58, 1410, 5750, P2
2026/06/13 23:47:35.689, 100, 3, 2600, [N/A], 58, 1410, 5750, P2
2026/06/13 23:47:36.693, 100, 3, 2600, [N/A], 58, 1410, 5750, P2
2026/06/13 23:47:37.698, 100, 3, 2600, [N/A], 58, 1410, 5750, P2
2026/06/13 23:47:38.702, 100, 3, 2600, [N/A], 58, 1410, 5750, P2
2026/06/13 23:47:39.706, 100, 4, 2600, [N/A], 58, 1410, 5750, P2
2026/06/13 23:47:40.711, 100, 3, 2600, [N/A], 58, 1410, 5750, P2
2026/06/13 23:47:41.715, 100, 3, 2600, [N/A], 58, 1410, 5750, P2
2026/06/13 23:47:42.720, 100, 4, 2600, [N/A], 58, 1410, 5750, P2
2026/06/13 23:47:43.724, 100, 3, 2600, [N/A], 59, 1410, 5750, P2
2026/06/13 23:47:44.728, 100, 3, 2600, [N/A], 59, 1410, 5750, P2
2026/06/13 23:47:45.733, 100, 4, 2600, [N/A], 59, 1410, 5750, P2
2026/06/13 23:47:46.737, 100, 3, 2600, [N/A], 59, 1410, 5750, P2
2026/06/13 23:47:47.741, 100, 3, 2600, [N/A], 59, 1410, 5750, P2
2026/06/13 23:47:48.746, 100, 4, 2600, [N/A], 59, 1410, 5750, P2
2026/06/13 23:47:49.750, 100, 3, 2600, [N/A], 59, 1410, 5750, P2
2026/06/13 23:47:50.754, 100, 3, 2600, [N/A], 59, 1410, 5750, P2
2026/06/13 23:47:51.758, 100, 3, 2600, [N/A], 59, 1410, 5750, P2
2026/06/13 23:47:52.762, 100, 4, 2600, [N/A], 59, 1410, 5750, P2
2026/06/13 23:47:53.767, 100, 3, 2600, [N/A], 59, 1410, 5750, P2
2026/06/13 23:47:54.771, 100, 3, 2600, [N/A], 59, 1410, 5750, P2
2026/06/13 23:47:55.776, 100, 3, 2600, [N/A], 59, 1410, 5750, P2
2026/06/13 23:47:56.780, 100, 4, 2600, [N/A], 60, 1410, 5750, P2
2026/06/13 23:47:57.784, 100, 3, 2600, [N/A], 60, 1410, 5750, P2
2026/06/13 23:47:58.789, 100, 3, 2600, [N/A], 60, 1410, 5750, P2
2026/06/13 23:47:59.793, 100, 3, 2600, [N/A], 60, 1410, 5750, P2
2026/06/13 23:48:00.797, 100, 3, 2600, [N/A], 60, 1410, 5750, P2
2026/06/13 23:48:01.802, 100, 4, 2600, [N/A], 60, 1410, 5750, P2
2026/06/13 23:48:02.806, 100, 3, 2600, [N/A], 60, 1410, 5750, P2
2026/06/13 23:48:03.810, 100, 3, 2600, [N/A], 60, 1410, 5750, P2
2026/06/13 23:48:04.815, 100, 3, 2600, [N/A], 60, 1410, 5750, P2
2026/06/13 23:48:05.819, 100, 4, 2600, [N/A], 60, 1410, 5750, P2
2026/06/13 23:48:06.823, 100, 4, 2600, [N/A], 60, 1410, 5750, P2
2026/06/13 23:48:07.828, 100, 3, 2600, [N/A], 60, 1410, 5750, P2
2026/06/13 23:48:08.832, 100, 3, 2600, [N/A], 60, 1410, 5750, P2
2026/06/13 23:48:09.837, 100, 3, 2600, [N/A], 60, 1410, 5750, P2
2026/06/13 23:48:10.841, 100, 3, 2600, [N/A], 60, 1410, 5750, P2
2026/06/13 23:48:11.845, 100, 3, 2600, [N/A], 60, 1410, 5750, P2
2026/06/13 23:48:12.850, 100, 3, 2600, [N/A], 60, 1410, 5750, P2
2026/06/13 23:48:13.854, 100, 4, 2600, [N/A], 61, 1410, 5750, P2
2026/06/13 23:48:14.858, 100, 3, 2600, [N/A], 61, 1410, 5750, P2
2026/06/13 23:48:15.863, 100, 3, 2600, [N/A], 61, 1410, 5750, P2
2026/06/13 23:48:16.867, 100, 3, 2600, [N/A], 61, 1410, 5750, P2
2026/06/13 23:48:17.872, 100, 3, 2600, [N/A], 61, 1410, 5750, P2
2026/06/13 23:48:18.876, 100, 3, 2600, [N/A], 61, 1410, 5750, P2
2026/06/13 23:48:19.880, 100, 3, 2600, [N/A], 61, 1410, 5750, P2
2026/06/13 23:48:20.885, 100, 4, 2600, [N/A], 61, 1410, 5750, P2
2026/06/13 23:48:21.889, 100, 4, 2600, [N/A], 61, 1410, 5750, P2
2026/06/13 23:48:22.895, 100, 3, 2600, [N/A], 61, 1410, 5750, P2
2026/06/13 23:48:23.901, 100, 4, 2600, [N/A], 61, 1410, 5750, P2
2026/06/13 23:48:24.906, 100, 3, 2600, [N/A], 61, 1410, 5750, P2
2026/06/13 23:48:25.911, 100, 3, 2600, [N/A], 61, 1410, 5750, P2
2026/06/13 23:48:26.915, 100, 3, 2600, [N/A], 61, 1410, 5750, P2
2026/06/13 23:48:27.919, 100, 3, 2600, [N/A], 61, 1410, 5750, P2
2026/06/13 23:48:28.924, 100, 3, 2600, [N/A], 61, 1410, 5750, P2
2026/06/13 23:48:29.928, 100, 3, 2600, [N/A], 61, 1410, 5750, P2
2026/06/13 23:48:30.933, 100, 3, 2600, [N/A], 61, 1410, 5750, P2
2026/06/13 23:48:31.937, 100, 3, 2600, [N/A], 61, 1410, 5750, P2
2026/06/13 23:48:32.941, 100, 4, 2600, [N/A], 60, 1410, 5750, P2
2026/06/13 23:48:33.946, 100, 3, 2600, [N/A], 61, 1410, 5750, P2
2026/06/13 23:48:34.950, 100, 3, 2600, [N/A], 61, 1410, 5750, P2
2026/06/13 23:48:35.955, 100, 3, 2600, [N/A], 60, 1410, 5750, P2
2026/06/13 23:48:36.959, 100, 4, 2600, [N/A], 60, 1410, 5750, P2
2026/06/13 23:48:37.964, 100, 3, 2600, [N/A], 60, 1410, 5750, P2
2026/06/13 23:48:38.968, 100, 3, 2600, [N/A], 60, 1410, 5750, P2
2026/06/13 23:48:39.973, 100, 3, 2600, [N/A], 60, 1410, 5750, P2
2026/06/13 23:48:40.977, 100, 3, 2600, [N/A], 60, 1410, 5750, P2
2026/06/13 23:48:41.981, 100, 4, 2600, [N/A], 60, 1410, 5750, P2
2026/06/13 23:48:42.986, 100, 3, 2600, [N/A], 60, 1410, 5750, P2
2026/06/13 23:48:43.990, 100, 3, 2600, [N/A], 60, 1410, 5750, P2
2026/06/13 23:48:44.995, 100, 3, 2600, [N/A], 59, 1410, 5750, P2
2026/06/13 23:48:45.999, 100, 3, 2600, [N/A], 59, 1410, 5750, P2
2026/06/13 23:48:47.004, 100, 3, 2600, [N/A], 59, 1410, 5750, P2
2026/06/13 23:48:48.009, 100, 3, 2600, [N/A], 59, 1410, 5750, P2
2026/06/13 23:48:49.013, 100, 3, 2600, [N/A], 59, 1410, 5750, P2
2026/06/13 23:48:50.018, 100, 3, 2600, [N/A], 59, 1410, 5750, P2
2026/06/13 23:48:51.023, 100, 4, 2600, [N/A], 59, 1410, 5750, P2
2026/06/13 23:48:52.027, 100, 3, 2600, [N/A], 59, 1410, 5750, P2
2026/06/13 23:48:53.032, 100, 3, 2600, [N/A], 59, 1410, 5750, P2
2026/06/13 23:48:54.037, 100, 3, 2600, [N/A], 59, 1410, 5750, P2
2026/06/13 23:48:55.043, 100, 3, 2600, [N/A], 59, 1410, 5750, P2
2026/06/13 23:48:56.048, 100, 3, 2600, [N/A], 58, 1410, 5750, P2
2026/06/13 23:48:57.052, 100, 3, 2600, [N/A], 58, 1410, 5750, P2
2026/06/13 23:48:58.057, 100, 3, 2600, [N/A], 58, 1410, 5750, P2
2026/06/13 23:48:59.061, 100, 3, 2600, [N/A], 58, 1410, 5750, P2
2026/06/13 23:49:00.065, 100, 3, 2600, [N/A], 58, 1410, 5750, P2
2026/06/13 23:49:01.069, 100, 4, 2600, [N/A], 58, 1410, 5750, P2
2026/06/13 23:49:02.073, 100, 3, 2600, [N/A], 58, 1410, 5750, P2
2026/06/13 23:49:03.078, 100, 3, 2600, [N/A], 58, 1410, 5750, P2
2026/06/13 23:49:04.082, 100, 3, 2600, [N/A], 58, 1410, 5750, P2
2026/06/13 23:49:05.086, 100, 3, 2600, [N/A], 58, 1410, 5750, P2
2026/06/13 23:49:06.090, 100, 3, 2600, [N/A], 58, 1410, 5750, P2
2026/06/13 23:49:07.095, 100, 3, 2600, [N/A], 58, 1410, 5750, P2
2026/06/13 23:49:08.099, 100, 3, 2600, [N/A], 58, 1410, 5750, P2
2026/06/13 23:49:09.103, 100, 3, 2600, [N/A], 58, 1410, 5750, P2
2026/06/13 23:49:10.108, 100, 3, 2600, [N/A], 58, 1410, 5750, P2
2026/06/13 23:49:11.113, 100, 3, 2600, [N/A], 58, 1410, 5750, P2
2026/06/13 23:49:12.117, 100, 3, 2600, [N/A], 57, 1410, 5750, P2
2026/06/13 23:49:13.122, 100, 3, 2600, [N/A], 58, 1410, 5750, P2
2026/06/13 23:49:14.126, 100, 3, 2600, [N/A], 58, 1410, 5750, P2
2026/06/13 23:49:15.130, 100, 3, 2600, [N/A], 58, 1410, 5750, P2
2026/06/13 23:49:16.135, 100, 3, 2600, [N/A], 58, 1410, 5750, P2
2026/06/13 23:49:17.139, 100, 3, 2600, [N/A], 58, 1410, 5750, P2
2026/06/13 23:49:18.144, 100, 3, 2600, [N/A], 58, 1410, 5750, P2
2026/06/13 23:49:19.148, 100, 3, 2600, [N/A], 58, 1410, 5750, P2
2026/06/13 23:49:20.153, 99, 4, 2600, [N/A], 58, 1410, 5750, P2
2026/06/13 23:49:21.157, 100, 4, 2600, [N/A], 58, 1410, 5750, P2
2026/06/13 23:49:22.161, 100, 4, 2600, [N/A], 58, 1410, 5750, P2
2026/06/13 23:49:23.165, 100, 4, 2600, [N/A], 58, 1410, 5750, P2
2026/06/13 23:49:24.170, 100, 4, 2600, [N/A], 58, 1410, 5750, P2
2026/06/13 23:49:25.174, 100, 4, 2600, [N/A], 58, 1410, 5750, P2
2026/06/13 23:49:26.178, 100, 4, 2600, [N/A], 58, 1410, 5750, P2
2026/06/13 23:49:27.182, 100, 4, 2600, [N/A], 58, 1410, 5750, P2
2026/06/13 23:49:28.187, 100, 4, 2600, [N/A], 58, 1410, 5750, P2
2026/06/13 23:49:29.191, 100, 4, 2600, [N/A], 59, 1410, 5750, P2
2026/06/13 23:49:30.195, 100, 4, 2600, [N/A], 59, 1410, 5750, P2
2026/06/13 23:49:31.199, 100, 4, 2600, [N/A], 59, 1410, 5750, P2
2026/06/13 23:49:32.204, 100, 4, 2600, [N/A], 59, 1410, 5750, P2
2026/06/13 23:49:33.208, 100, 4, 2600, [N/A], 59, 1410, 5750, P2
2026/06/13 23:49:34.212, 100, 4, 2600, [N/A], 59, 1410, 5750, P2
2026/06/13 23:49:35.217, 100, 4, 2600, [N/A], 59, 1410, 5750, P2
2026/06/13 23:49:36.226, 100, 4, 2600, [N/A], 59, 1410, 5750, P2
2026/06/13 23:49:37.230, 100, 4, 2600, [N/A], 59, 1410, 5750, P2
2026/06/13 23:49:38.234, 100, 4, 2600, [N/A], 59, 1410, 5750, P2
2026/06/13 23:49:39.239, 100, 4, 2600, [N/A], 59, 1410, 5750, P2
2026/06/13 23:49:40.245, 100, 4, 2600, [N/A], 59, 1410, 5750, P2
2026/06/13 23:49:41.250, 100, 4, 2600, [N/A], 59, 1410, 5750, P2
2026/06/13 23:49:42.255, 100, 4, 2600, [N/A], 59, 1410, 5750, P2
2026/06/13 23:49:43.259, 100, 4, 2600, [N/A], 59, 1410, 5750, P2
2026/06/13 23:49:44.520, 100, 4, 2600, [N/A], 60, 1410, 5750, P2
2026/06/13 23:49:45.528, 100, 4, 2600, [N/A], 60, 1410, 5750, P2
2026/06/13 23:49:46.532, 100, 4, 2600, [N/A], 60, 1410, 5750, P2
2026/06/13 23:49:47.536, 100, 4, 2600, [N/A], 60, 1410, 5750, P2
2026/06/13 23:49:48.541, 100, 4, 2600, [N/A], 60, 1410, 5750, P2
2026/06/13 23:49:49.545, 100, 4, 2600, [N/A], 60, 1410, 5750, P2
2026/06/13 23:49:50.549, 100, 4, 2600, [N/A], 60, 1410, 5750, P2
2026/06/13 23:49:51.554, 100, 4, 2600, [N/A], 60, 1410, 5750, P2
2026/06/13 23:49:52.558, 100, 4, 2600, [N/A], 60, 1410, 5750, P2
2026/06/13 23:49:53.563, 100, 4, 2600, [N/A], 60, 1410, 5750, P2
2026/06/13 23:49:54.567, 100, 4, 2600, [N/A], 60, 1410, 5750, P2
2026/06/13 23:49:55.572, 100, 4, 2600, [N/A], 60, 1410, 5750, P2
2026/06/13 23:49:56.576, 100, 4, 2600, [N/A], 60, 1410, 5750, P2
2026/06/13 23:49:57.580, 100, 4, 2600, [N/A], 60, 1410, 5750, P2
2026/06/13 23:49:58.585, 100, 4, 2600, [N/A], 60, 1410, 5750, P2
2026/06/13 23:49:59.589, 100, 4, 2600, [N/A], 61, 1410, 5750, P2
2026/06/13 23:50:00.593, 100, 4, 2600, [N/A], 61, 1410, 5750, P2
2026/06/13 23:50:01.598, 100, 4, 2600, [N/A], 61, 1410, 5750, P2
2026/06/13 23:50:02.602, 100, 4, 2600, [N/A], 61, 1410, 5750, P2
2026/06/13 23:50:03.606, 100, 4, 2600, [N/A], 61, 1410, 5750, P2
2026/06/13 23:50:04.611, 100, 4, 2600, [N/A], 61, 1410, 5750, P2
2026/06/13 23:50:05.615, 100, 4, 2600, [N/A], 61, 1410, 5750, P2
2026/06/13 23:50:06.620, 100, 4, 2600, [N/A], 61, 1410, 5750, P2
2026/06/13 23:50:07.624, 100, 4, 2600, [N/A], 61, 1410, 5750, P2
2026/06/13 23:50:08.628, 100, 4, 2600, [N/A], 61, 1410, 5750, P2
2026/06/13 23:50:09.633, 100, 4, 2600, [N/A], 61, 1410, 5750, P2
2026/06/13 23:50:10.637, 100, 4, 2600, [N/A], 61, 1410, 5750, P2
2026/06/13 23:50:11.641, 100, 4, 2600, [N/A], 61, 1410, 5750, P2
2026/06/13 23:50:12.646, 100, 4, 2600, [N/A], 61, 1410, 5750, P2
2026/06/13 23:50:13.650, 100, 4, 2600, [N/A], 61, 1410, 5750, P2
2026/06/13 23:50:14.654, 100, 4, 2600, [N/A], 61, 1410, 5750, P2
2026/06/13 23:50:15.659, 100, 4, 2600, [N/A], 61, 1410, 5750, P2
2026/06/13 23:50:16.663, 100, 4, 2600, [N/A], 61, 1410, 5750, P2
2026/06/13 23:50:17.668, 100, 4, 2600, [N/A], 61, 1410, 5750, P2
2026/06/13 23:50:18.673, 100, 4, 2600, [N/A], 61, 1410, 5750, P2
2026/06/13 23:50:19.677, 100, 4, 2600, [N/A], 61, 1410, 5750, P2
2026/06/13 23:50:20.681, 100, 4, 2600, [N/A], 61, 1410, 5750, P2
2026/06/13 23:50:21.686, 100, 4, 2600, [N/A], 61, 1410, 5750, P2
2026/06/13 23:50:22.690, 100, 4, 2600, [N/A], 60, 1410, 5750, P2
2026/06/13 23:50:23.695, 100, 4, 2600, [N/A], 60, 1410, 5750, P2
2026/06/13 23:50:24.700, 100, 4, 2600, [N/A], 60, 1410, 5750, P2
2026/06/13 23:50:25.705, 100, 4, 2600, [N/A], 60, 1410, 5750, P2
2026/06/13 23:50:26.711, 100, 4, 2600, [N/A], 60, 1410, 5750, P2
2026/06/13 23:50:27.717, 100, 4, 2600, [N/A], 60, 1410, 5750, P2
2026/06/13 23:50:28.721, 100, 4, 2600, [N/A], 60, 1410, 5750, P2
2026/06/13 23:50:29.725, 100, 4, 2600, [N/A], 60, 1410, 5750, P2
2026/06/13 23:50:30.729, 100, 4, 2600, [N/A], 60, 1410, 5750, P2
2026/06/13 23:50:31.734, 100, 4, 2600, [N/A], 60, 1410, 5750, P2
2026/06/13 23:50:32.738, 100, 4, 2600, [N/A], 59, 1410, 5750, P2
2026/06/13 23:50:33.742, 100, 4, 2600, [N/A], 59, 1410, 5750, P2
2026/06/13 23:50:34.747, 100, 4, 2600, [N/A], 59, 1410, 5750, P2
2026/06/13 23:50:35.751, 100, 4, 2600, [N/A], 59, 1410, 5750, P2
2026/06/13 23:50:36.755, 100, 4, 2600, [N/A], 59, 1410, 5750, P2
2026/06/13 23:50:37.759, 100, 4, 2600, [N/A], 59, 1410, 5750, P2
2026/06/13 23:50:38.763, 100, 4, 2600, [N/A], 59, 1410, 5750, P2
2026/06/13 23:50:39.767, 100, 4, 2600, [N/A], 59, 1410, 5750, P2
2026/06/13 23:50:40.772, 100, 4, 2600, [N/A], 59, 1410, 5750, P2
2026/06/13 23:50:41.776, 100, 4, 2600, [N/A], 59, 1410, 5750, P2
2026/06/13 23:50:42.780, 100, 4, 2600, [N/A], 58, 1410, 5750, P2
2026/06/13 23:50:43.784, 100, 4, 2600, [N/A], 58, 1410, 5750, P2
2026/06/13 23:50:44.788, 100, 4, 2600, [N/A], 58, 1410, 5750, P2
2026/06/13 23:50:45.793, 100, 4, 2600, [N/A], 58, 1410, 5750, P2
2026/06/13 23:50:46.797, 100, 4, 2600, [N/A], 58, 1410, 5750, P2
2026/06/13 23:50:47.801, 100, 4, 2600, [N/A], 58, 1410, 5750, P2
2026/06/13 23:50:48.805, 100, 4, 2600, [N/A], 58, 1410, 5750, P2
2026/06/13 23:50:49.809, 100, 4, 2600, [N/A], 58, 1410, 5750, P2
2026/06/13 23:50:50.814, 100, 4, 2600, [N/A], 58, 1410, 5750, P2
2026/06/13 23:50:51.818, 100, 4, 2600, [N/A], 58, 1410, 5750, P2
2026/06/13 23:50:52.822, 100, 4, 2600, [N/A], 58, 1410, 5750, P2
2026/06/13 23:50:53.826, 100, 4, 2600, [N/A], 58, 1410, 5750, P2
2026/06/13 23:50:54.830, 100, 4, 2600, [N/A], 58, 1410, 5750, P2
2026/06/13 23:50:55.834, 100, 4, 2600, [N/A], 58, 1410, 5750, P2
2026/06/13 23:50:56.839, 100, 4, 2600, [N/A], 58, 1410, 5750, P2
2026/06/13 23:50:57.843, 100, 4, 2600, [N/A], 58, 1410, 5750, P2
2026/06/13 23:50:58.847, 100, 4, 2600, [N/A], 58, 1410, 5750, P2
2026/06/13 23:50:59.851, 100, 4, 2600, [N/A], 58, 1410, 5750, P2
2026/06/13 23:51:00.855, 100, 4, 2600, [N/A], 58, 1410, 5750, P2
2026/06/13 23:51:01.859, 100, 4, 2600, [N/A], 58, 1410, 5750, P2
2026/06/13 23:51:02.864, 100, 4, 2600, [N/A], 58, 1410, 5750, P2
2026/06/13 23:51:03.868, 100, 4, 2600, [N/A], 58, 1410, 5750, P2
2026/06/13 23:51:04.873, 100, 4, 2600, [N/A], 58, 1410, 5750, P2
2026/06/13 23:51:05.877, 100, 4, 2600, [N/A], 58, 1410, 5750, P2
2026/06/13 23:51:06.881, 100, 4, 2600, [N/A], 58, 1410, 5750, P2
2026/06/13 23:51:07.886, 100, 4, 2600, [N/A], 58, 1410, 5750, P2
2026/06/13 23:51:08.890, 100, 4, 2600, [N/A], 58, 1410, 5750, P2
2026/06/13 23:51:09.894, 100, 4, 2600, [N/A], 58, 1410, 5750, P2
2026/06/13 23:51:10.898, 100, 4, 2600, [N/A], 58, 1410, 5750, P2
2026/06/13 23:51:11.903, 100, 4, 2600, [N/A], 58, 1410, 5750, P2
2026/06/13 23:51:12.907, 100, 4, 2600, [N/A], 58, 1410, 5750, P2
2026/06/13 23:51:13.911, 100, 4, 2600, [N/A], 58, 1410, 5750, P2
2026/06/13 23:51:14.916, 100, 4, 2600, [N/A], 58, 1410, 5750, P2
2026/06/13 23:51:15.920, 100, 4, 2600, [N/A], 59, 1410, 5750, P2
2026/06/13 23:51:16.924, 100, 4, 2600, [N/A], 58, 1410, 5750, P2
2026/06/13 23:51:17.928, 100, 3, 2600, [N/A], 59, 1410, 5750, P2
2026/06/13 23:51:18.933, 100, 4, 2600, [N/A], 59, 1410, 5750, P2
2026/06/13 23:51:19.937, 100, 4, 2600, [N/A], 59, 1410, 5750, P2
2026/06/13 23:51:20.941, 100, 4, 2600, [N/A], 59, 1410, 5750, P2
2026/06/13 23:51:21.946, 100, 4, 2600, [N/A], 59, 1410, 5750, P2
2026/06/13 23:51:22.950, 100, 4, 2600, [N/A], 59, 1410, 5750, P2
2026/06/13 23:51:23.954, 100, 3, 2600, [N/A], 59, 1410, 5750, P2
2026/06/13 23:51:24.958, 100, 4, 2600, [N/A], 59, 1410, 5750, P2
2026/06/13 23:51:25.963, 100, 4, 2600, [N/A], 59, 1410, 5750, P2
2026/06/13 23:51:26.967, 100, 4, 2600, [N/A], 59, 1410, 5750, P2
2026/06/13 23:51:27.971, 100, 4, 2600, [N/A], 59, 1410, 5750, P2
2026/06/13 23:51:28.975, 100, 4, 2600, [N/A], 60, 1410, 5750, P2
2026/06/13 23:51:29.980, 100, 4, 2600, [N/A], 59, 1410, 5750, P2
2026/06/13 23:51:30.984, 100, 4, 2600, [N/A], 60, 1410, 5750, P2
2026/06/13 23:51:31.988, 100, 4, 2600, [N/A], 60, 1410, 5750, P2
2026/06/13 23:51:32.992, 100, 4, 2600, [N/A], 60, 1410, 5750, P2
2026/06/13 23:51:33.997, 100, 4, 2600, [N/A], 60, 1410, 5750, P2
2026/06/13 23:51:35.001, 100, 4, 2600, [N/A], 60, 1410, 5750, P2
2026/06/13 23:51:36.005, 100, 4, 2600, [N/A], 60, 1410, 5750, P2
2026/06/13 23:51:37.009, 100, 3, 2600, [N/A], 60, 1410, 5750, P2
2026/06/13 23:51:38.014, 100, 4, 2600, [N/A], 60, 1410, 5750, P2
2026/06/13 23:51:39.018, 100, 4, 2600, [N/A], 60, 1410, 5750, P2
2026/06/13 23:51:40.022, 100, 4, 2600, [N/A], 60, 1410, 5750, P2
2026/06/13 23:51:41.027, 100, 4, 2600, [N/A], 60, 1410, 5750, P2
2026/06/13 23:51:42.031, 100, 4, 2600, [N/A], 60, 1410, 5750, P2
2026/06/13 23:51:43.036, 100, 4, 2600, [N/A], 60, 1410, 5750, P2
2026/06/13 23:51:44.042, 100, 4, 2600, [N/A], 60, 1410, 5750, P2
2026/06/13 23:51:45.047, 100, 4, 2600, [N/A], 60, 1410, 5750, P2
2026/06/13 23:51:46.051, 100, 4, 2600, [N/A], 61, 1410, 5750, P2
2026/06/13 23:51:47.056, 100, 3, 2600, [N/A], 61, 1410, 5750, P2
2026/06/13 23:51:48.060, 100, 4, 2600, [N/A], 61, 1410, 5750, P2
2026/06/13 23:51:49.064, 100, 4, 2600, [N/A], 61, 1410, 5750, P2
2026/06/13 23:51:50.069, 100, 3, 2600, [N/A], 61, 1410, 5750, P2
2026/06/13 23:51:51.073, 100, 4, 2600, [N/A], 61, 1410, 5750, P2
2026/06/13 23:51:52.077, 100, 3, 2600, [N/A], 61, 1410, 5750, P2
2026/06/13 23:51:53.081, 100, 3, 2600, [N/A], 61, 1410, 5750, P2
2026/06/13 23:51:54.086, 100, 4, 2600, [N/A], 61, 1410, 5750, P2
2026/06/13 23:51:55.090, 100, 3, 2600, [N/A], 61, 1410, 5750, P2
2026/06/13 23:51:56.094, 100, 3, 2600, [N/A], 61, 1410, 5750, P2
2026/06/13 23:51:57.099, 100, 4, 2600, [N/A], 61, 1410, 5750, P2
2026/06/13 23:51:58.103, 100, 3, 2600, [N/A], 61, 1410, 5750, P2
2026/06/13 23:51:59.107, 100, 3, 2600, [N/A], 61, 1410, 5750, P2
2026/06/13 23:52:00.112, 100, 4, 2600, [N/A], 61, 1410, 5750, P2
2026/06/13 23:52:01.116, 100, 4, 2600, [N/A], 61, 1410, 5750, P2
2026/06/13 23:52:02.120, 100, 3, 2600, [N/A], 61, 1410, 5750, P2
2026/06/13 23:52:03.124, 100, 3, 2600, [N/A], 61, 1410, 5750, P2
2026/06/13 23:52:04.129, 100, 4, 2600, [N/A], 61, 1410, 5750, P2
2026/06/13 23:52:05.133, 100, 4, 2600, [N/A], 61, 1410, 5750, P2
2026/06/13 23:52:06.137, 100, 3, 2600, [N/A], 61, 1410, 5750, P2
2026/06/13 23:52:07.142, 100, 4, 2600, [N/A], 61, 1410, 5750, P2
2026/06/13 23:52:08.146, 100, 4, 2600, [N/A], 61, 1410, 5750, P2
2026/06/13 23:52:09.150, 100, 4, 2600, [N/A], 61, 1410, 5750, P2
2026/06/13 23:52:10.155, 100, 4, 2600, [N/A], 60, 1410, 5750, P2
2026/06/13 23:52:11.159, 100, 4, 2600, [N/A], 60, 1410, 5750, P2
2026/06/13 23:52:12.163, 100, 3, 2600, [N/A], 60, 1410, 5750, P2
2026/06/13 23:52:13.167, 100, 3, 2600, [N/A], 60, 1410, 5750, P2
2026/06/13 23:52:14.172, 100, 3, 2600, [N/A], 60, 1410, 5750, P2
2026/06/13 23:52:15.176, 100, 3, 2600, [N/A], 60, 1410, 5750, P2
2026/06/13 23:52:16.180, 100, 3, 2600, [N/A], 60, 1410, 5750, P2
2026/06/13 23:52:17.184, 100, 3, 2600, [N/A], 60, 1410, 5750, P2
2026/06/13 23:52:18.189, 100, 4, 2600, [N/A], 60, 1410, 5750, P2
2026/06/13 23:52:19.193, 100, 4, 2600, [N/A], 60, 1410, 5750, P2
2026/06/13 23:52:20.198, 100, 4, 2600, [N/A], 60, 1410, 5750, P2
2026/06/13 23:52:21.202, 100, 4, 2600, [N/A], 59, 1410, 5750, P2
2026/06/13 23:52:22.207, 100, 4, 2600, [N/A], 59, 1410, 5750, P2
2026/06/13 23:52:23.211, 100, 3, 2600, [N/A], 59, 1410, 5750, P2
2026/06/13 23:52:24.215, 100, 4, 2600, [N/A], 59, 1410, 5750, P2
2026/06/13 23:52:25.219, 100, 4, 2600, [N/A], 59, 1410, 5750, P2
2026/06/13 23:52:26.224, 100, 4, 2600, [N/A], 59, 1410, 5750, P2
2026/06/13 23:52:27.228, 100, 4, 2600, [N/A], 59, 1410, 5750, P2
2026/06/13 23:52:28.232, 100, 4, 2600, [N/A], 59, 1410, 5750, P2
2026/06/13 23:52:29.237, 100, 4, 2600, [N/A], 59, 1410, 5750, P2
2026/06/13 23:52:30.241, 100, 4, 2600, [N/A], 59, 1410, 5750, P2
2026/06/13 23:52:31.245, 100, 4, 2600, [N/A], 58, 1410, 5750, P2
2026/06/13 23:52:32.249, 100, 4, 2600, [N/A], 58, 1410, 5750, P2
2026/06/13 23:52:33.253, 100, 4, 2600, [N/A], 58, 1410, 5750, P2
2026/06/13 23:52:34.258, 100, 3, 2600, [N/A], 58, 1410, 5750, P2
2026/06/13 23:52:35.262, 100, 3, 2600, [N/A], 58, 1410, 5750, P2
2026/06/13 23:52:36.266, 100, 3, 2600, [N/A], 58, 1410, 5750, P2
2026/06/13 23:52:37.270, 100, 4, 2600, [N/A], 58, 1410, 5750, P2
2026/06/13 23:52:38.275, 100, 4, 2600, [N/A], 58, 1410, 5750, P2
2026/06/13 23:52:39.280, 100, 4, 2600, [N/A], 58, 1410, 5750, P2
2026/06/13 23:52:40.285, 100, 4, 2600, [N/A], 58, 1410, 5750, P2
2026/06/13 23:52:41.291, 100, 3, 2600, [N/A], 58, 1410, 5750, P2
2026/06/13 23:52:42.295, 100, 3, 2600, [N/A], 58, 1410, 5750, P2
2026/06/13 23:52:43.300, 100, 4, 2600, [N/A], 58, 1410, 5750, P2
2026/06/13 23:52:44.304, 100, 4, 2600, [N/A], 58, 1410, 5750, P2
2026/06/13 23:52:45.308, 100, 4, 2600, [N/A], 58, 1410, 5750, P2
2026/06/13 23:52:46.312, 100, 4, 2600, [N/A], 58, 1410, 5750, P2
2026/06/13 23:52:47.316, 100, 3, 2600, [N/A], 58, 1410, 5750, P2
2026/06/13 23:52:48.320, 100, 4, 2600, [N/A], 58, 1410, 5750, P2
2026/06/13 23:52:49.325, 100, 4, 2600, [N/A], 58, 1410, 5750, P2
2026/06/13 23:52:50.329, 100, 3, 2600, [N/A], 58, 1410, 5750, P2
2026/06/13 23:52:51.333, 100, 4, 2600, [N/A], 58, 1410, 5750, P2
2026/06/13 23:52:52.337, 100, 4, 2600, [N/A], 58, 1410, 5750, P2
2026/06/13 23:52:53.342, 100, 4, 2600, [N/A], 58, 1410, 5750, P2
2026/06/13 23:52:54.346, 100, 3, 2600, [N/A], 58, 1410, 5750, P2
2026/06/13 23:52:55.351, 100, 4, 2600, [N/A], 58, 1410, 5750, P2
2026/06/13 23:52:56.355, 100, 4, 2600, [N/A], 58, 1410, 5750, P2
2026/06/13 23:52:57.359, 100, 3, 2600, [N/A], 58, 1410, 5750, P2
2026/06/13 23:52:58.363, 100, 4, 2600, [N/A], 58, 1410, 5750, P2
2026/06/13 23:52:59.368, 100, 4, 2600, [N/A], 58, 1410, 5750, P2
2026/06/13 23:53:00.372, 100, 3, 2600, [N/A], 58, 1410, 5750, P2
2026/06/13 23:53:01.376, 100, 4, 2600, [N/A], 58, 1410, 5750, P2
2026/06/13 23:53:02.380, 100, 4, 2600, [N/A], 58, 1410, 5750, P2
2026/06/13 23:53:03.385, 100, 3, 2600, [N/A], 58, 1410, 5750, P2
2026/06/13 23:53:04.389, 100, 3, 2600, [N/A], 59, 1410, 5750, P2
2026/06/13 23:53:05.393, 100, 4, 2600, [N/A], 59, 1410, 5750, P2
2026/06/13 23:53:06.397, 100, 3, 2600, [N/A], 59, 1410, 5750, P2
2026/06/13 23:53:07.402, 100, 4, 2600, [N/A], 59, 1410, 5750, P2
2026/06/13 23:53:08.407, 100, 3, 2600, [N/A], 59, 1410, 5750, P2
2026/06/13 23:53:09.412, 100, 4, 2600, [N/A], 59, 1410, 5750, P2
2026/06/13 23:53:10.416, 100, 4, 2600, [N/A], 59, 1410, 5750, P2
2026/06/13 23:53:11.421, 100, 3, 2600, [N/A], 59, 1410, 5750, P2
2026/06/13 23:53:12.425, 100, 4, 2600, [N/A], 59, 1410, 5750, P2
2026/06/13 23:53:13.429, 100, 3, 2600, [N/A], 59, 1410, 5750, P2
2026/06/13 23:53:14.433, 100, 4, 2600, [N/A], 59, 1410, 5750, P2
2026/06/13 23:53:15.438, 100, 4, 2600, [N/A], 59, 1410, 5750, P2
2026/06/13 23:53:16.442, 100, 4, 2600, [N/A], 59, 1410, 5750, P2
2026/06/13 23:53:17.447, 100, 4, 2600, [N/A], 59, 1410, 5750, P2
2026/06/13 23:53:18.451, 100, 3, 2600, [N/A], 59, 1410, 5750, P2
2026/06/13 23:53:19.455, 100, 4, 2600, [N/A], 59, 1410, 5750, P2
2026/06/13 23:53:20.459, 100, 3, 2600, [N/A], 60, 1410, 5750, P2
2026/06/13 23:53:21.464, 100, 4, 2600, [N/A], 60, 1410, 5750, P2
2026/06/13 23:53:22.468, 100, 3, 2600, [N/A], 60, 1410, 5750, P2
2026/06/13 23:53:23.472, 100, 4, 2600, [N/A], 60, 1410, 5750, P2
2026/06/13 23:53:24.476, 100, 3, 2600, [N/A], 60, 1410, 5750, P2
2026/06/13 23:53:25.480, 100, 4, 2600, [N/A], 60, 1410, 5750, P2
2026/06/13 23:53:26.485, 100, 3, 2600, [N/A], 60, 1410, 5750, P2
2026/06/13 23:53:27.489, 100, 4, 2600, [N/A], 60, 1410, 5750, P2
2026/06/13 23:53:28.493, 100, 3, 2600, [N/A], 60, 1410, 5750, P2
2026/06/13 23:53:29.497, 100, 3, 2600, [N/A], 60, 1410, 5750, P2
2026/06/13 23:53:30.501, 100, 3, 2600, [N/A], 60, 1410, 5750, P2
2026/06/13 23:53:31.506, 100, 3, 2600, [N/A], 60, 1410, 5750, P2
2026/06/13 23:53:32.510, 100, 4, 2600, [N/A], 61, 1410, 5750, P2
2026/06/13 23:53:33.515, 100, 3, 2600, [N/A], 60, 1410, 5750, P2
2026/06/13 23:53:34.519, 100, 4, 2600, [N/A], 61, 1410, 5750, P2
2026/06/13 23:53:35.523, 100, 3, 2600, [N/A], 61, 1410, 5750, P2
2026/06/13 23:53:36.527, 100, 4, 2600, [N/A], 61, 1410, 5750, P2
2026/06/13 23:53:37.532, 100, 3, 2600, [N/A], 61, 1410, 5750, P2
2026/06/13 23:53:38.536, 100, 3, 2600, [N/A], 61, 1410, 5750, P2
2026/06/13 23:53:39.540, 100, 4, 2600, [N/A], 61, 1410, 5750, P2
2026/06/13 23:53:40.544, 100, 3, 2600, [N/A], 61, 1410, 5750, P2
2026/06/13 23:53:41.549, 100, 4, 2600, [N/A], 61, 1410, 5750, P2
2026/06/13 23:53:42.553, 100, 3, 2600, [N/A], 61, 1410, 5750, P2
2026/06/13 23:53:43.557, 100, 3, 2600, [N/A], 61, 1410, 5750, P2
2026/06/13 23:53:44.562, 100, 4, 2600, [N/A], 61, 1410, 5750, P2
2026/06/13 23:53:45.566, 100, 3, 2600, [N/A], 61, 1410, 5750, P2
2026/06/13 23:53:46.570, 100, 3, 2600, [N/A], 61, 1410, 5750, P2
2026/06/13 23:53:47.575, 100, 4, 2600, [N/A], 61, 1410, 5750, P2
2026/06/13 23:53:48.579, 100, 3, 2600, [N/A], 61, 1410, 5750, P2
2026/06/13 23:53:49.584, 100, 3, 2600, [N/A], 61, 1410, 5750, P2
2026/06/13 23:53:50.590, 100, 4, 2600, [N/A], 61, 1410, 5750, P2
2026/06/13 23:53:51.595, 100, 3, 2600, [N/A], 61, 1410, 5750, P2
2026/06/13 23:53:52.599, 100, 3, 2600, [N/A], 61, 1410, 5750, P2
2026/06/13 23:53:53.604, 100, 4, 2600, [N/A], 61, 1410, 5750, P2
2026/06/13 23:53:54.608, 100, 3, 2600, [N/A], 61, 1410, 5750, P2
2026/06/13 23:53:55.612, 100, 3, 2600, [N/A], 61, 1410, 5750, P2
2026/06/13 23:53:56.617, 100, 3, 2600, [N/A], 60, 1410, 5750, P2
2026/06/13 23:53:57.621, 100, 4, 2600, [N/A], 60, 1410, 5750, P2
2026/06/13 23:53:58.625, 100, 3, 2600, [N/A], 60, 1410, 5750, P2
2026/06/13 23:53:59.629, 100, 3, 2600, [N/A], 60, 1410, 5750, P2
2026/06/13 23:54:00.634, 100, 4, 2600, [N/A], 60, 1410, 5750, P2
2026/06/13 23:54:01.638, 100, 3, 2600, [N/A], 60, 1410, 5750, P2
2026/06/13 23:54:02.642, 100, 3, 2600, [N/A], 60, 1410, 5750, P2
2026/06/13 23:54:03.647, 100, 3, 2600, [N/A], 60, 1410, 5750, P2
2026/06/13 23:54:04.651, 100, 3, 2600, [N/A], 60, 1410, 5750, P2
2026/06/13 23:54:05.655, 100, 3, 2600, [N/A], 60, 1410, 5750, P2
2026/06/13 23:54:06.663, 100, 3, 2600, [N/A], 60, 1410, 5750, P2
2026/06/13 23:54:07.667, 100, 3, 2600, [N/A], 60, 1410, 5750, P2
2026/06/13 23:54:08.671, 100, 4, 2600, [N/A], 59, 1410, 5750, P2
2026/06/13 23:54:09.675, 100, 4, 2600, [N/A], 59, 1410, 5750, P2
2026/06/13 23:54:10.679, 100, 3, 2600, [N/A], 59, 1410, 5750, P2
2026/06/13 23:54:11.684, 100, 3, 2600, [N/A], 59, 1410, 5750, P2
2026/06/13 23:54:12.688, 100, 3, 2600, [N/A], 59, 1410, 5750, P2
2026/06/13 23:54:13.692, 100, 3, 2600, [N/A], 59, 1410, 5750, P2
2026/06/13 23:54:14.697, 100, 4, 2600, [N/A], 59, 1410, 5750, P2
2026/06/13 23:54:15.701, 100, 3, 2600, [N/A], 59, 1410, 5750, P2
2026/06/13 23:54:16.705, 100, 4, 2600, [N/A], 59, 1410, 5750, P2
2026/06/13 23:54:17.710, 100, 3, 2600, [N/A], 59, 1410, 5750, P2
2026/06/13 23:54:18.714, 100, 3, 2600, [N/A], 59, 1410, 5750, P2
2026/06/13 23:54:19.718, 100, 4, 2600, [N/A], 58, 1410, 5750, P2
2026/06/13 23:54:20.723, 100, 3, 2600, [N/A], 58, 1410, 5750, P2
2026/06/13 23:54:21.727, 100, 3, 2600, [N/A], 59, 1410, 5750, P2
2026/06/13 23:54:22.731, 100, 3, 2600, [N/A], 58, 1410, 5750, P2
2026/06/13 23:54:23.736, 100, 3, 2600, [N/A], 58, 1410, 5750, P2
2026/06/13 23:54:24.741, 100, 3, 2600, [N/A], 58, 1410, 5750, P2
2026/06/13 23:54:25.745, 100, 4, 2600, [N/A], 58, 1410, 5750, P2
2026/06/13 23:54:26.750, 100, 4, 2600, [N/A], 58, 1410, 5750, P2
2026/06/13 23:54:27.756, 100, 3, 2600, [N/A], 58, 1410, 5750, P2
2026/06/13 23:54:28.762, 100, 3, 2600, [N/A], 58, 1410, 5750, P2
2026/06/13 23:54:29.766, 100, 3, 2600, [N/A], 58, 1410, 5750, P2
2026/06/13 23:54:30.771, 100, 3, 2600, [N/A], 58, 1410, 5750, P2
2026/06/13 23:54:31.775, 100, 3, 2600, [N/A], 58, 1410, 5750, P2
2026/06/13 23:54:32.780, 100, 3, 2600, [N/A], 58, 1410, 5750, P2
2026/06/13 23:54:33.784, 100, 3, 2600, [N/A], 58, 1410, 5750, P2
2026/06/13 23:54:34.788, 100, 4, 2600, [N/A], 58, 1410, 5750, P2
2026/06/13 23:54:35.793, 100, 4, 2600, [N/A], 58, 1410, 5750, P2
2026/06/13 23:54:36.797, 100, 3, 2600, [N/A], 58, 1410, 5750, P2
2026/06/13 23:54:37.801, 100, 3, 2600, [N/A], 58, 1410, 5750, P2
2026/06/13 23:54:38.805, 100, 3, 2600, [N/A], 58, 1410, 5750, P2
2026/06/13 23:54:39.810, 100, 3, 2600, [N/A], 58, 1410, 5750, P2
2026/06/13 23:54:40.814, 100, 3, 2600, [N/A], 58, 1410, 5750, P2
2026/06/13 23:54:41.818, 100, 3, 2600, [N/A], 58, 1410, 5750, P2
2026/06/13 23:54:42.823, 100, 3, 2600, [N/A], 58, 1410, 5750, P2
2026/06/13 23:54:43.827, 100, 4, 2600, [N/A], 58, 1410, 5750, P2
2026/06/13 23:54:44.831, 100, 3, 2600, [N/A], 58, 1410, 5750, P2
2026/06/13 23:54:45.836, 100, 3, 2600, [N/A], 58, 1410, 5750, P2
2026/06/13 23:54:46.840, 100, 3, 2600, [N/A], 58, 1410, 5750, P2
2026/06/13 23:54:47.845, 100, 3, 2600, [N/A], 58, 1410, 5750, P2
2026/06/13 23:54:48.849, 100, 3, 2600, [N/A], 58, 1410, 5750, P2
2026/06/13 23:54:49.853, 100, 3, 2600, [N/A], 58, 1410, 5750, P2
2026/06/13 23:54:50.858, 100, 3, 2600, [N/A], 58, 1410, 5750, P2
2026/06/13 23:54:51.862, 100, 3, 2600, [N/A], 58, 1410, 5750, P2
2026/06/13 23:54:52.866, 100, 4, 2600, [N/A], 59, 1410, 5750, P2
2026/06/13 23:54:53.871, 100, 3, 2600, [N/A], 58, 1410, 5750, P2
2026/06/13 23:54:54.875, 100, 3, 2600, [N/A], 59, 1410, 5750, P2
2026/06/13 23:54:55.879, 100, 3, 2600, [N/A], 59, 1410, 5750, P2
2026/06/13 23:54:56.883, 100, 3, 2600, [N/A], 59, 1410, 5750, P2
2026/06/13 23:54:57.888, 100, 3, 2600, [N/A], 59, 1410, 5750, P2
2026/06/13 23:54:58.892, 100, 3, 2600, [N/A], 59, 1410, 5750, P2
2026/06/13 23:54:59.896, 100, 3, 2600, [N/A], 59, 1410, 5750, P2
2026/06/13 23:55:00.901, 100, 3, 2600, [N/A], 59, 1410, 5750, P2
2026/06/13 23:55:01.905, 100, 4, 2600, [N/A], 59, 1410, 5750, P2
2026/06/13 23:55:02.909, 100, 3, 2600, [N/A], 59, 1410, 5750, P2
2026/06/13 23:55:03.914, 100, 3, 2600, [N/A], 59, 1410, 5750, P2
2026/06/13 23:55:04.918, 100, 3, 2600, [N/A], 59, 1410, 5750, P2
2026/06/13 23:55:05.922, 100, 3, 2600, [N/A], 59, 1410, 5750, P2
2026/06/13 23:55:06.927, 100, 3, 2600, [N/A], 59, 1410, 5750, P2
2026/06/13 23:55:08.087, 100, 3, 2600, [N/A], 60, 1410, 5750, P2
2026/06/13 23:55:09.091, 100, 3, 2600, [N/A], 60, 1410, 5750, P2
2026/06/13 23:55:10.097, 100, 3, 2600, [N/A], 60, 1410, 5750, P2
2026/06/13 23:55:11.101, 100, 3, 2600, [N/A], 60, 1410, 5750, P2
2026/06/13 23:55:12.105, 100, 4, 2600, [N/A], 60, 1410, 5750, P2
2026/06/13 23:55:13.110, 100, 3, 2600, [N/A], 60, 1410, 5750, P2
2026/06/13 23:55:14.114, 100, 3, 2600, [N/A], 60, 1410, 5750, P2
2026/06/13 23:55:15.118, 100, 3, 2600, [N/A], 60, 1410, 5750, P2
2026/06/13 23:55:16.122, 100, 3, 2600, [N/A], 60, 1410, 5750, P2
2026/06/13 23:55:17.127, 100, 3, 2600, [N/A], 60, 1410, 5750, P2
2026/06/13 23:55:18.132, 100, 3, 2600, [N/A], 60, 1410, 5750, P2
2026/06/13 23:55:19.136, 100, 3, 2600, [N/A], 60, 1410, 5750, P2
2026/06/13 23:55:20.140, 100, 3, 2600, [N/A], 60, 1410, 5750, P2
2026/06/13 23:55:21.144, 100, 4, 2600, [N/A], 60, 1410, 5750, P2
2026/06/13 23:55:22.148, 100, 3, 2600, [N/A], 60, 1410, 5750, P2
2026/06/13 23:55:23.153, 100, 3, 2600, [N/A], 60, 1410, 5750, P2
2026/06/13 23:55:24.180, 100, 3, 2600, [N/A], 61, 1410, 5750, P2
2026/06/13 23:55:25.186, 100, 3, 2600, [N/A], 61, 1410, 5750, P2
2026/06/13 23:55:26.190, 100, 3, 2600, [N/A], 61, 1410, 5750, P2
2026/06/13 23:55:27.195, 100, 3, 2600, [N/A], 61, 1410, 5750, P2
2026/06/13 23:55:28.200, 100, 3, 2600, [N/A], 61, 1410, 5750, P2
2026/06/13 23:55:29.204, 100, 3, 2600, [N/A], 61, 1410, 5750, P2
2026/06/13 23:55:30.208, 100, 3, 2600, [N/A], 61, 1410, 5750, P2
2026/06/13 23:55:31.212, 99, 4, 2600, [N/A], 61, 1410, 5750, P2
2026/06/13 23:55:32.217, 100, 5, 2600, [N/A], 61, 1410, 5750, P2
2026/06/13 23:55:33.221, 100, 4, 2600, [N/A], 61, 1410, 5750, P2
2026/06/13 23:55:34.225, 100, 4, 2600, [N/A], 61, 1410, 5750, P2
2026/06/13 23:55:35.229, 100, 4, 2600, [N/A], 61, 1410, 5750, P2
2026/06/13 23:55:36.234, 100, 4, 2600, [N/A], 61, 1410, 5750, P2
2026/06/13 23:55:37.239, 100, 4, 2600, [N/A], 61, 1410, 5750, P2
2026/06/13 23:55:38.243, 100, 4, 2600, [N/A], 61, 1410, 5750, P2
2026/06/13 23:55:39.247, 100, 4, 2600, [N/A], 61, 1410, 5750, P2
2026/06/13 23:55:40.252, 100, 4, 2600, [N/A], 61, 1410, 5750, P2
2026/06/13 23:55:41.256, 100, 4, 2600, [N/A], 61, 1410, 5750, P2
2026/06/13 23:55:42.260, 100, 4, 2600, [N/A], 61, 1410, 5750, P2
2026/06/13 23:55:43.265, 100, 4, 2600, [N/A], 61, 1410, 5750, P2
2026/06/13 23:55:44.269, 100, 4, 2600, [N/A], 61, 1410, 5750, P2
2026/06/13 23:55:45.274, 100, 4, 2600, [N/A], 61, 1410, 5750, P2
2026/06/13 23:55:46.278, 100, 4, 2600, [N/A], 60, 1410, 5750, P2
2026/06/13 23:55:47.282, 100, 4, 2600, [N/A], 60, 1410, 5750, P2
2026/06/13 23:55:48.287, 100, 4, 2600, [N/A], 60, 1410, 5750, P2
2026/06/13 23:55:49.291, 100, 4, 2600, [N/A], 60, 1410, 5750, P2
2026/06/13 23:55:50.295, 100, 4, 2600, [N/A], 60, 1410, 5750, P2
2026/06/13 23:55:51.299, 100, 4, 2600, [N/A], 60, 1410, 5750, P2
2026/06/13 23:55:52.304, 100, 4, 2600, [N/A], 60, 1410, 5750, P2
2026/06/13 23:55:53.308, 100, 4, 2600, [N/A], 60, 1410, 5750, P2
2026/06/13 23:55:54.312, 100, 4, 2600, [N/A], 60, 1410, 5750, P2
2026/06/13 23:55:55.316, 100, 4, 2600, [N/A], 59, 1410, 5750, P2
2026/06/13 23:55:56.321, 100, 4, 2600, [N/A], 59, 1410, 5750, P2
2026/06/13 23:55:57.325, 100, 4, 2600, [N/A], 59, 1410, 5750, P2
2026/06/13 23:55:58.330, 100, 4, 2600, [N/A], 59, 1410, 5750, P2
2026/06/13 23:55:59.334, 100, 4, 2600, [N/A], 59, 1410, 5750, P2
2026/06/13 23:56:00.340, 100, 4, 2600, [N/A], 59, 1410, 5750, P2
2026/06/13 23:56:01.345, 100, 4, 2600, [N/A], 59, 1410, 5750, P2
2026/06/13 23:56:02.350, 100, 4, 2600, [N/A], 59, 1410, 5750, P2
2026/06/13 23:56:03.356, 100, 4, 2600, [N/A], 59, 1410, 5750, P2
2026/06/13 23:56:04.361, 100, 4, 2600, [N/A], 59, 1410, 5750, P2
2026/06/13 23:56:05.365, 100, 4, 2600, [N/A], 58, 1410, 5750, P2
2026/06/13 23:56:06.369, 100, 4, 2600, [N/A], 58, 1410, 5750, P2
2026/06/13 23:56:07.374, 100, 4, 2600, [N/A], 58, 1410, 5750, P2
2026/06/13 23:56:08.378, 100, 4, 2600, [N/A], 58, 1410, 5750, P2
2026/06/13 23:56:09.383, 100, 4, 2600, [N/A], 58, 1410, 5750, P2
2026/06/13 23:56:10.387, 100, 4, 2600, [N/A], 58, 1410, 5750, P2
2026/06/13 23:56:11.391, 100, 4, 2600, [N/A], 58, 1410, 5750, P2
2026/06/13 23:56:12.396, 100, 4, 2600, [N/A], 58, 1410, 5750, P2
2026/06/13 23:56:13.400, 100, 4, 2600, [N/A], 58, 1410, 5750, P2
2026/06/13 23:56:14.404, 100, 4, 2600, [N/A], 58, 1410, 5750, P2
2026/06/13 23:56:15.408, 100, 4, 2600, [N/A], 58, 1410, 5750, P2
2026/06/13 23:56:16.413, 100, 4, 2600, [N/A], 58, 1410, 5750, P2
2026/06/13 23:56:17.417, 100, 4, 2600, [N/A], 58, 1410, 5750, P2
2026/06/13 23:56:18.421, 100, 4, 2600, [N/A], 58, 1410, 5750, P2
2026/06/13 23:56:19.425, 100, 4, 2600, [N/A], 58, 1410, 5750, P2
2026/06/13 23:56:20.429, 100, 4, 2600, [N/A], 58, 1410, 5750, P2
2026/06/13 23:56:21.433, 100, 4, 2600, [N/A], 58, 1410, 5750, P2
2026/06/13 23:56:22.437, 100, 4, 2600, [N/A], 58, 1410, 5750, P2
2026/06/13 23:56:23.441, 100, 4, 2600, [N/A], 58, 1410, 5750, P2
2026/06/13 23:56:24.445, 100, 4, 2600, [N/A], 58, 1410, 5750, P2
2026/06/13 23:56:25.450, 100, 4, 2600, [N/A], 57, 1410, 5750, P2
2026/06/13 23:56:26.454, 100, 4, 2600, [N/A], 58, 1410, 5750, P2
2026/06/13 23:56:27.459, 100, 4, 2600, [N/A], 58, 1410, 5750, P2
2026/06/13 23:56:28.463, 100, 4, 2600, [N/A], 58, 1410, 5750, P2
2026/06/13 23:56:29.467, 100, 4, 2600, [N/A], 58, 1410, 5750, P2
2026/06/13 23:56:30.471, 100, 4, 2600, [N/A], 58, 1410, 5750, P2
2026/06/13 23:56:31.476, 100, 4, 2600, [N/A], 58, 1410, 5750, P2
2026/06/13 23:56:32.480, 100, 4, 2600, [N/A], 58, 1410, 5750, P2
2026/06/13 23:56:33.484, 100, 4, 2600, [N/A], 58, 1410, 5750, P2
2026/06/13 23:56:34.489, 100, 4, 2600, [N/A], 58, 1410, 5750, P2
2026/06/13 23:56:35.493, 100, 4, 2600, [N/A], 58, 1410, 5750, P2
2026/06/13 23:56:36.497, 100, 4, 2600, [N/A], 58, 1410, 5750, P2
2026/06/13 23:56:37.501, 100, 4, 2600, [N/A], 58, 1410, 5750, P2
2026/06/13 23:56:38.506, 100, 4, 2600, [N/A], 58, 1410, 5750, P2
2026/06/13 23:56:39.510, 100, 4, 2600, [N/A], 58, 1410, 5750, P2
2026/06/13 23:56:40.514, 100, 4, 2600, [N/A], 59, 1410, 5750, P2
2026/06/13 23:56:41.518, 100, 4, 2600, [N/A], 59, 1410, 5750, P2
2026/06/13 23:56:42.522, 100, 4, 2600, [N/A], 59, 1410, 5750, P2
2026/06/13 23:56:43.528, 100, 4, 2600, [N/A], 59, 1410, 5750, P2
2026/06/13 23:56:44.533, 100, 4, 2600, [N/A], 59, 1410, 5750, P2
2026/06/13 23:56:45.539, 100, 4, 2600, [N/A], 59, 1410, 5750, P2
2026/06/13 23:56:46.543, 100, 4, 2600, [N/A], 59, 1410, 5750, P2
2026/06/13 23:56:47.547, 100, 4, 2600, [N/A], 59, 1410, 5750, P2
2026/06/13 23:56:48.551, 100, 4, 2600, [N/A], 59, 1410, 5750, P2
2026/06/13 23:56:49.556, 100, 4, 2600, [N/A], 59, 1410, 5750, P2
2026/06/13 23:56:50.560, 100, 4, 2600, [N/A], 59, 1410, 5750, P2
2026/06/13 23:56:51.564, 100, 4, 2600, [N/A], 59, 1410, 5750, P2
2026/06/13 23:56:52.568, 100, 4, 2600, [N/A], 59, 1410, 5750, P2
2026/06/13 23:56:53.572, 100, 4, 2600, [N/A], 59, 1410, 5750, P2
2026/06/13 23:56:54.576, 100, 4, 2600, [N/A], 60, 1410, 5750, P2
2026/06/13 23:56:55.580, 100, 4, 2600, [N/A], 60, 1410, 5750, P2
2026/06/13 23:56:56.585, 100, 4, 2600, [N/A], 60, 1410, 5750, P2
2026/06/13 23:56:57.589, 100, 4, 2600, [N/A], 60, 1410, 5750, P2
2026/06/13 23:56:58.593, 100, 4, 2600, [N/A], 60, 1410, 5750, P2
2026/06/13 23:56:59.598, 100, 4, 2600, [N/A], 60, 1410, 5750, P2
2026/06/13 23:57:00.602, 100, 4, 2600, [N/A], 60, 1410, 5750, P2
2026/06/13 23:57:01.606, 100, 4, 2600, [N/A], 60, 1410, 5750, P2
2026/06/13 23:57:02.610, 100, 4, 2600, [N/A], 60, 1410, 5750, P2
2026/06/13 23:57:03.614, 100, 4, 2600, [N/A], 60, 1410, 5750, P2
2026/06/13 23:57:04.619, 100, 4, 2600, [N/A], 60, 1410, 5750, P2
2026/06/13 23:57:05.623, 100, 4, 2600, [N/A], 60, 1410, 5750, P2
2026/06/13 23:57:06.627, 100, 4, 2600, [N/A], 60, 1410, 5750, P2
2026/06/13 23:57:07.631, 100, 4, 2600, [N/A], 60, 1410, 5750, P2
2026/06/13 23:57:08.636, 100, 4, 2600, [N/A], 61, 1410, 5750, P2
2026/06/13 23:57:09.640, 100, 4, 2600, [N/A], 60, 1410, 5750, P2
2026/06/13 23:57:10.644, 100, 4, 2600, [N/A], 61, 1410, 5750, P2
2026/06/13 23:57:11.648, 100, 4, 2600, [N/A], 61, 1410, 5750, P2
2026/06/13 23:57:12.652, 100, 4, 2600, [N/A], 61, 1410, 5750, P2
2026/06/13 23:57:13.657, 100, 4, 2600, [N/A], 61, 1410, 5750, P2
2026/06/13 23:57:14.661, 100, 4, 2600, [N/A], 61, 1410, 5750, P2
2026/06/13 23:57:15.665, 100, 4, 2600, [N/A], 61, 1410, 5750, P2
2026/06/13 23:57:16.669, 100, 4, 2600, [N/A], 61, 1410, 5750, P2
2026/06/13 23:57:17.674, 100, 4, 2600, [N/A], 61, 1410, 5750, P2
2026/06/13 23:57:18.678, 100, 4, 2600, [N/A], 61, 1410, 5750, P2
2026/06/13 23:57:19.682, 100, 4, 2600, [N/A], 61, 1410, 5750, P2
2026/06/13 23:57:20.687, 100, 4, 2600, [N/A], 61, 1410, 5750, P2
2026/06/13 23:57:21.691, 100, 4, 2600, [N/A], 61, 1410, 5750, P2
2026/06/13 23:57:22.695, 100, 4, 2600, [N/A], 61, 1410, 5750, P2
2026/06/13 23:57:23.699, 100, 4, 2600, [N/A], 61, 1410, 5750, P2
2026/06/13 23:57:24.704, 100, 4, 2600, [N/A], 61, 1410, 5750, P2
2026/06/13 23:57:25.708, 100, 4, 2600, [N/A], 61, 1410, 5750, P2
2026/06/13 23:57:26.712, 100, 4, 2600, [N/A], 61, 1410, 5750, P2
2026/06/13 23:57:27.716, 100, 4, 2600, [N/A], 61, 1410, 5750, P2
2026/06/13 23:57:28.720, 100, 3, 2600, [N/A], 61, 1410, 5750, P2
2026/06/13 23:57:29.725, 100, 3, 2600, [N/A], 61, 1410, 5750, P2
2026/06/13 23:57:30.729, 100, 3, 2600, [N/A], 61, 1410, 5750, P2
2026/06/13 23:57:31.733, 100, 4, 2600, [N/A], 61, 1410, 5750, P2
2026/06/13 23:57:32.737, 100, 4, 2600, [N/A], 60, 1410, 5750, P2
2026/06/13 23:57:33.742, 100, 4, 2600, [N/A], 60, 1410, 5750, P2
2026/06/13 23:57:34.746, 100, 4, 2600, [N/A], 60, 1410, 5750, P2
2026/06/13 23:57:35.750, 100, 3, 2600, [N/A], 60, 1410, 5750, P2
2026/06/13 23:57:36.754, 100, 4, 2600, [N/A], 60, 1410, 5750, P2
2026/06/13 23:57:37.758, 100, 4, 2600, [N/A], 60, 1410, 5750, P2
2026/06/13 23:57:38.763, 100, 4, 2600, [N/A], 60, 1410, 5750, P2
2026/06/13 23:57:39.767, 100, 3, 2600, [N/A], 60, 1410, 5750, P2
2026/06/13 23:57:40.771, 100, 4, 2600, [N/A], 60, 1410, 5750, P2
2026/06/13 23:57:41.775, 100, 4, 2600, [N/A], 60, 1410, 5750, P2
2026/06/13 23:57:42.779, 100, 3, 2600, [N/A], 59, 1410, 5750, P2
2026/06/13 23:57:43.784, 100, 4, 2600, [N/A], 59, 1410, 5750, P2
2026/06/13 23:57:44.788, 100, 4, 2600, [N/A], 59, 1410, 5750, P2
2026/06/13 23:57:45.792, 100, 4, 2600, [N/A], 59, 1410, 5750, P2
2026/06/13 23:57:46.797, 100, 4, 2600, [N/A], 59, 1410, 5750, P2
2026/06/13 23:57:47.801, 100, 4, 2600, [N/A], 59, 1410, 5750, P2
2026/06/13 23:57:48.805, 100, 4, 2600, [N/A], 59, 1410, 5750, P2
2026/06/13 23:57:49.810, 100, 4, 2600, [N/A], 59, 1410, 5750, P2
2026/06/13 23:57:50.814, 100, 4, 2600, [N/A], 59, 1410, 5750, P2
2026/06/13 23:57:51.818, 100, 4, 2600, [N/A], 59, 1410, 5750, P2
2026/06/13 23:57:52.822, 100, 4, 2600, [N/A], 58, 1410, 5750, P2
2026/06/13 23:57:53.827, 100, 4, 2600, [N/A], 58, 1410, 5750, P2
2026/06/13 23:57:54.833, 100, 4, 2600, [N/A], 58, 1410, 5750, P2
2026/06/13 23:57:55.838, 100, 4, 2600, [N/A], 58, 1410, 5750, P2
2026/06/13 23:57:56.843, 100, 4, 2600, [N/A], 58, 1410, 5750, P2
2026/06/13 23:57:57.847, 100, 4, 2600, [N/A], 58, 1410, 5750, P2
2026/06/13 23:57:58.852, 100, 3, 2600, [N/A], 58, 1410, 5750, P2
2026/06/13 23:57:59.856, 100, 4, 2600, [N/A], 58, 1410, 5750, P2
2026/06/13 23:58:00.860, 100, 4, 2600, [N/A], 58, 1410, 5750, P2
2026/06/13 23:58:01.865, 100, 3, 2600, [N/A], 58, 1410, 5750, P2
2026/06/13 23:58:02.869, 100, 4, 2600, [N/A], 58, 1410, 5750, P2
2026/06/13 23:58:03.874, 100, 3, 2600, [N/A], 58, 1410, 5750, P2
2026/06/13 23:58:04.878, 100, 3, 2600, [N/A], 58, 1410, 5750, P2
2026/06/13 23:58:05.882, 100, 4, 2600, [N/A], 58, 1410, 5750, P2
2026/06/13 23:58:06.887, 100, 3, 2600, [N/A], 58, 1410, 5750, P2
2026/06/13 23:58:07.892, 100, 3, 2600, [N/A], 58, 1410, 5750, P2
2026/06/13 23:58:08.896, 100, 4, 2600, [N/A], 58, 1410, 5750, P2
2026/06/13 23:58:09.900, 100, 3, 2600, [N/A], 58, 1410, 5750, P2
2026/06/13 23:58:10.905, 100, 3, 2600, [N/A], 58, 1410, 5750, P2
2026/06/13 23:58:11.909, 100, 3, 2600, [N/A], 58, 1410, 5750, P2
2026/06/13 23:58:12.914, 100, 4, 2600, [N/A], 58, 1410, 5750, P2
2026/06/13 23:58:13.918, 100, 4, 2600, [N/A], 58, 1410, 5750, P2
2026/06/13 23:58:14.923, 100, 3, 2600, [N/A], 58, 1410, 5750, P2
2026/06/13 23:58:15.927, 100, 4, 2600, [N/A], 58, 1410, 5750, P2
2026/06/13 23:58:16.931, 100, 4, 2600, [N/A], 58, 1410, 5750, P2
2026/06/13 23:58:17.936, 100, 4, 2600, [N/A], 58, 1410, 5750, P2
2026/06/13 23:58:18.940, 100, 4, 2600, [N/A], 58, 1410, 5750, P2
2026/06/13 23:58:19.944, 100, 4, 2600, [N/A], 58, 1410, 5750, P2
2026/06/13 23:58:20.948, 100, 4, 2600, [N/A], 58, 1410, 5750, P2
2026/06/13 23:58:21.952, 100, 4, 2600, [N/A], 58, 1410, 5750, P2
2026/06/13 23:58:22.957, 100, 4, 2600, [N/A], 58, 1410, 5750, P2
2026/06/13 23:58:23.961, 100, 4, 2600, [N/A], 58, 1410, 5750, P2
2026/06/13 23:58:24.965, 100, 4, 2600, [N/A], 58, 1410, 5750, P2
2026/06/13 23:58:25.969, 100, 4, 2600, [N/A], 58, 1410, 5750, P2
2026/06/13 23:58:26.973, 100, 3, 2600, [N/A], 58, 1410, 5750, P2
2026/06/13 23:58:27.978, 100, 3, 2600, [N/A], 59, 1410, 5750, P2
2026/06/13 23:58:28.982, 100, 4, 2600, [N/A], 59, 1410, 5750, P2
2026/06/13 23:58:29.986, 100, 4, 2600, [N/A], 59, 1410, 5750, P2
2026/06/13 23:58:30.990, 100, 4, 2600, [N/A], 59, 1410, 5750, P2
2026/06/13 23:58:31.994, 100, 4, 2600, [N/A], 59, 1410, 5750, P2
2026/06/13 23:58:32.999, 100, 4, 2600, [N/A], 59, 1410, 5750, P2
2026/06/13 23:58:34.003, 100, 4, 2600, [N/A], 59, 1410, 5750, P2
2026/06/13 23:58:35.008, 100, 4, 2600, [N/A], 59, 1410, 5750, P2
2026/06/13 23:58:36.013, 100, 4, 2600, [N/A], 59, 1410, 5750, P2
2026/06/13 23:58:37.018, 100, 4, 2600, [N/A], 59, 1410, 5750, P2
2026/06/13 23:58:38.023, 100, 4, 2600, [N/A], 59, 1410, 5750, P2
2026/06/13 23:58:39.027, 100, 4, 2600, [N/A], 59, 1410, 5750, P2
2026/06/13 23:58:40.031, 100, 4, 2600, [N/A], 59, 1410, 5750, P2
2026/06/13 23:58:41.035, 100, 4, 2600, [N/A], 60, 1410, 5750, P2
2026/06/13 23:58:42.039, 100, 4, 2600, [N/A], 59, 1410, 5750, P2
2026/06/13 23:58:43.044, 100, 4, 2600, [N/A], 60, 1410, 5750, P2
2026/06/13 23:58:44.048, 100, 4, 2600, [N/A], 59, 1410, 5750, P2
2026/06/13 23:58:45.052, 100, 3, 2600, [N/A], 60, 1410, 5750, P2
2026/06/13 23:58:46.057, 100, 3, 2600, [N/A], 60, 1410, 5750, P2
2026/06/13 23:58:47.061, 100, 4, 2600, [N/A], 60, 1410, 5750, P2
2026/06/13 23:58:48.066, 100, 4, 2600, [N/A], 60, 1410, 5750, P2
2026/06/13 23:58:49.071, 100, 3, 2600, [N/A], 60, 1410, 5750, P2
2026/06/13 23:58:50.075, 100, 4, 2600, [N/A], 60, 1410, 5750, P2
2026/06/13 23:58:51.079, 100, 4, 2600, [N/A], 60, 1410, 5750, P2
2026/06/13 23:58:52.083, 100, 3, 2600, [N/A], 60, 1410, 5750, P2
2026/06/13 23:58:53.088, 100, 3, 2600, [N/A], 60, 1410, 5750, P2
2026/06/13 23:58:54.093, 100, 4, 2600, [N/A], 60, 1410, 5750, P2
2026/06/13 23:58:55.097, 100, 4, 2600, [N/A], 61, 1410, 5750, P2
2026/06/13 23:58:56.101, 100, 4, 2600, [N/A], 60, 1410, 5750, P2
2026/06/13 23:58:57.106, 100, 3, 2600, [N/A], 60, 1410, 5750, P2
2026/06/13 23:58:58.111, 100, 4, 2600, [N/A], 61, 1410, 5750, P2
2026/06/13 23:58:59.116, 100, 4, 2600, [N/A], 61, 1410, 5750, P2
2026/06/13 23:59:00.122, 100, 4, 2600, [N/A], 61, 1410, 5750, P2
2026/06/13 23:59:01.126, 100, 3, 2600, [N/A], 61, 1410, 5750, P2
2026/06/13 23:59:02.130, 100, 3, 2600, [N/A], 61, 1410, 5750, P2
2026/06/13 23:59:03.134, 100, 4, 2600, [N/A], 61, 1410, 5750, P2
2026/06/13 23:59:04.139, 100, 4, 2600, [N/A], 61, 1410, 5750, P2
2026/06/13 23:59:05.144, 100, 3, 2600, [N/A], 61, 1410, 5750, P2
2026/06/13 23:59:06.148, 100, 4, 2600, [N/A], 61, 1410, 5750, P2
2026/06/13 23:59:07.152, 100, 4, 2600, [N/A], 61, 1410, 5750, P2
2026/06/13 23:59:08.157, 100, 4, 2600, [N/A], 61, 1410, 5750, P2
2026/06/13 23:59:09.161, 100, 3, 2600, [N/A], 61, 1410, 5750, P2
2026/06/13 23:59:10.166, 100, 4, 2600, [N/A], 61, 1410, 5750, P2
2026/06/13 23:59:11.170, 100, 4, 2600, [N/A], 61, 1410, 5750, P2
2026/06/13 23:59:12.174, 100, 3, 2600, [N/A], 61, 1410, 5750, P2
2026/06/13 23:59:13.179, 100, 4, 2600, [N/A], 61, 1410, 5750, P2
2026/06/13 23:59:14.183, 100, 4, 2600, [N/A], 61, 1410, 5750, P2
2026/06/13 23:59:15.187, 100, 3, 2600, [N/A], 61, 1410, 5750, P2
2026/06/13 23:59:16.192, 100, 4, 2600, [N/A], 61, 1410, 5750, P2
2026/06/13 23:59:17.196, 100, 3, 2600, [N/A], 61, 1410, 5750, P2
2026/06/13 23:59:18.201, 100, 3, 2600, [N/A], 61, 1410, 5750, P2
2026/06/13 23:59:19.205, 100, 4, 2600, [N/A], 61, 1410, 5750, P2
2026/06/13 23:59:20.209, 100, 3, 2600, [N/A], 61, 1410, 5750, P2
2026/06/13 23:59:21.214, 100, 4, 2600, [N/A], 60, 1410, 5750, P2
2026/06/13 23:59:22.218, 100, 4, 2600, [N/A], 60, 1410, 5750, P2
2026/06/13 23:59:23.222, 100, 4, 2600, [N/A], 60, 1410, 5750, P2
2026/06/13 23:59:24.226, 100, 4, 2600, [N/A], 60, 1410, 5750, P2
2026/06/13 23:59:25.231, 100, 3, 2600, [N/A], 60, 1410, 5750, P2
2026/06/13 23:59:26.235, 100, 4, 2600, [N/A], 60, 1410, 5750, P2
2026/06/13 23:59:27.239, 100, 3, 2600, [N/A], 60, 1410, 5750, P2
2026/06/13 23:59:28.243, 100, 4, 2600, [N/A], 60, 1410, 5750, P2
2026/06/13 23:59:29.248, 100, 4, 2600, [N/A], 60, 1410, 5750, P2
2026/06/13 23:59:30.252, 100, 4, 2600, [N/A], 60, 1410, 5750, P2
2026/06/13 23:59:31.256, 100, 3, 2600, [N/A], 59, 1410, 5750, P2
2026/06/13 23:59:32.260, 100, 4, 2600, [N/A], 59, 1410, 5750, P2
2026/06/13 23:59:33.264, 100, 3, 2600, [N/A], 59, 1410, 5750, P2
2026/06/13 23:59:34.269, 100, 4, 2600, [N/A], 59, 1410, 5750, P2
2026/06/13 23:59:35.273, 100, 3, 2600, [N/A], 59, 1410, 5750, P2
2026/06/13 23:59:36.277, 100, 4, 2600, [N/A], 59, 1410, 5750, P2
2026/06/13 23:59:37.286, 100, 3, 2600, [N/A], 59, 1410, 5750, P2
2026/06/13 23:59:38.291, 100, 4, 2600, [N/A], 59, 1410, 5750, P2
2026/06/13 23:59:39.295, 100, 3, 2600, [N/A], 59, 1410, 5750, P2
2026/06/13 23:59:40.299, 100, 4, 2600, [N/A], 59, 1410, 5750, P2
2026/06/13 23:59:41.303, 100, 3, 2600, [N/A], 59, 1410, 5750, P2
2026/06/13 23:59:42.307, 100, 4, 2600, [N/A], 59, 1410, 5750, P2
2026/06/13 23:59:43.312, 100, 3, 2600, [N/A], 58, 1410, 5750, P2
2026/06/13 23:59:44.316, 100, 4, 2600, [N/A], 58, 1410, 5750, P2
2026/06/13 23:59:45.572, 100, 3, 2600, [N/A], 58, 1410, 5750, P2
2026/06/13 23:59:46.577, 100, 3, 2600, [N/A], 58, 1410, 5750, P2
2026/06/13 23:59:47.581, 100, 4, 2600, [N/A], 58, 1410, 5750, P2
2026/06/13 23:59:48.604, 100, 3, 2600, [N/A], 58, 1410, 5750, P2
2026/06/13 23:59:49.609, 100, 4, 2600, [N/A], 58, 1410, 5750, P2
2026/06/13 23:59:50.613, 100, 3, 2600, [N/A], 58, 1410, 5750, P2
2026/06/13 23:59:51.618, 100, 3, 2600, [N/A], 58, 1410, 5750, P2
2026/06/13 23:59:52.622, 100, 4, 2600, [N/A], 58, 1410, 5750, P2
2026/06/13 23:59:53.626, 100, 4, 2600, [N/A], 58, 1410, 5750, P2
2026/06/13 23:59:54.630, 100, 4, 2600, [N/A], 58, 1410, 5750, P2
2026/06/13 23:59:55.635, 100, 3, 2600, [N/A], 58, 1410, 5750, P2
2026/06/13 23:59:56.639, 100, 3, 2600, [N/A], 58, 1410, 5750, P2
2026/06/13 23:59:57.643, 100, 4, 2600, [N/A], 58, 1410, 5750, P2
2026/06/13 23:59:58.647, 100, 3, 2600, [N/A], 58, 1410, 5750, P2
2026/06/13 23:59:59.652, 100, 3, 2600, [N/A], 58, 1410, 5750, P2
2026/06/14 00:00:00.656, 100, 4, 2600, [N/A], 58, 1410, 5750, P2
2026/06/14 00:00:01.661, 100, 3, 2600, [N/A], 58, 1410, 5750, P2
2026/06/14 00:00:02.665, 100, 3, 2600, [N/A], 58, 1410, 5750, P2
2026/06/14 00:00:03.669, 100, 4, 2600, [N/A], 58, 1410, 5750, P2
2026/06/14 00:00:04.674, 100, 3, 2600, [N/A], 58, 1410, 5750, P2
2026/06/14 00:00:05.678, 100, 3, 2600, [N/A], 58, 1410, 5750, P2
2026/06/14 00:00:06.682, 100, 4, 2600, [N/A], 58, 1410, 5750, P2
2026/06/14 00:00:07.687, 100, 4, 2600, [N/A], 58, 1410, 5750, P2
2026/06/14 00:00:08.691, 100, 3, 2600, [N/A], 58, 1410, 5750, P2
2026/06/14 00:00:09.696, 100, 3, 2600, [N/A], 58, 1410, 5750, P2
2026/06/14 00:00:10.702, 100, 4, 2600, [N/A], 58, 1410, 5750, P2
2026/06/14 00:00:11.707, 100, 3, 2600, [N/A], 58, 1410, 5750, P2
2026/06/14 00:00:12.711, 100, 3, 2600, [N/A], 58, 1410, 5750, P2
2026/06/14 00:00:13.716, 100, 3, 2600, [N/A], 58, 1410, 5750, P2
2026/06/14 00:00:14.720, 100, 4, 2600, [N/A], 58, 1410, 5750, P2
2026/06/14 00:00:15.724, 100, 3, 2600, [N/A], 58, 1410, 5750, P2
2026/06/14 00:00:16.728, 100, 3, 2600, [N/A], 59, 1410, 5750, P2
2026/06/14 00:00:17.732, 100, 3, 2600, [N/A], 59, 1410, 5750, P2
2026/06/14 00:00:18.737, 100, 4, 2600, [N/A], 59, 1410, 5750, P2
2026/06/14 00:00:19.742, 100, 3, 2600, [N/A], 59, 1410, 5750, P2
2026/06/14 00:00:20.746, 100, 3, 2600, [N/A], 59, 1410, 5750, P2
2026/06/14 00:00:21.751, 100, 3, 2600, [N/A], 59, 1410, 5750, P2
2026/06/14 00:00:22.756, 100, 4, 2600, [N/A], 59, 1410, 5750, P2
2026/06/14 00:00:23.760, 100, 3, 2600, [N/A], 59, 1410, 5750, P2
2026/06/14 00:00:24.764, 100, 3, 2600, [N/A], 59, 1410, 5750, P2
2026/06/14 00:00:25.769, 100, 3, 2600, [N/A], 59, 1410, 5750, P2
2026/06/14 00:00:26.773, 100, 3, 2600, [N/A], 59, 1410, 5750, P2
2026/06/14 00:00:27.778, 100, 4, 2600, [N/A], 59, 1410, 5750, P2
2026/06/14 00:00:28.782, 100, 3, 2600, [N/A], 59, 1410, 5750, P2
2026/06/14 00:00:29.786, 100, 3, 2600, [N/A], 59, 1410, 5750, P2
2026/06/14 00:00:30.791, 100, 3, 2600, [N/A], 59, 1410, 5750, P2
2026/06/14 00:00:31.795, 100, 3, 2600, [N/A], 60, 1410, 5750, P2
2026/06/14 00:00:32.799, 100, 3, 2600, [N/A], 60, 1410, 5750, P2
2026/06/14 00:00:33.803, 100, 4, 2600, [N/A], 60, 1410, 5750, P2
2026/06/14 00:00:34.807, 100, 3, 2600, [N/A], 60, 1410, 5750, P2
2026/06/14 00:00:35.811, 100, 3, 2600, [N/A], 60, 1410, 5750, P2
2026/06/14 00:00:36.816, 100, 3, 2600, [N/A], 60, 1410, 5750, P2
2026/06/14 00:00:37.820, 100, 3, 2600, [N/A], 60, 1410, 5750, P2
2026/06/14 00:00:38.824, 100, 3, 2600, [N/A], 60, 1410, 5750, P2
2026/06/14 00:00:39.828, 100, 3, 2600, [N/A], 60, 1410, 5750, P2
2026/06/14 00:00:40.832, 100, 4, 2600, [N/A], 60, 1410, 5750, P2
2026/06/14 00:00:41.837, 100, 4, 2600, [N/A], 60, 1410, 5750, P2
2026/06/14 00:00:42.841, 100, 3, 2600, [N/A], 60, 1410, 5750, P2
2026/06/14 00:00:43.845, 100, 3, 2600, [N/A], 60, 1410, 5750, P2
2026/06/14 00:00:44.849, 100, 3, 2600, [N/A], 60, 1410, 5750, P2
2026/06/14 00:00:45.853, 100, 4, 2600, [N/A], 60, 1410, 5750, P2
2026/06/14 00:00:46.858, 100, 3, 2600, [N/A], 61, 1410, 5750, P2
2026/06/14 00:00:47.862, 100, 3, 2600, [N/A], 61, 1410, 5750, P2
2026/06/14 00:00:48.866, 100, 3, 2600, [N/A], 61, 1410, 5750, P2
2026/06/14 00:00:49.870, 100, 3, 2600, [N/A], 61, 1410, 5750, P2
2026/06/14 00:00:50.874, 100, 3, 2600, [N/A], 61, 1410, 5750, P2
2026/06/14 00:00:51.878, 100, 4, 2600, [N/A], 61, 1410, 5750, P2
2026/06/14 00:00:52.883, 100, 4, 2600, [N/A], 61, 1410, 5750, P2
2026/06/14 00:00:53.887, 100, 3, 2600, [N/A], 61, 1410, 5750, P2
2026/06/14 00:00:54.891, 100, 4, 2600, [N/A], 61, 1410, 5750, P2
2026/06/14 00:00:55.895, 100, 3, 2600, [N/A], 61, 1410, 5750, P2
2026/06/14 00:00:56.900, 100, 3, 2600, [N/A], 61, 1410, 5750, P2
2026/06/14 00:00:57.904, 100, 3, 2600, [N/A], 61, 1410, 5750, P2
2026/06/14 00:00:58.908, 100, 3, 2600, [N/A], 61, 1410, 5750, P2
2026/06/14 00:00:59.912, 100, 3, 2600, [N/A], 61, 1410, 5750, P2
2026/06/14 00:01:00.916, 100, 3, 2600, [N/A], 61, 1410, 5750, P2
2026/06/14 00:01:01.921, 100, 3, 2600, [N/A], 61, 1410, 5750, P2
2026/06/14 00:01:02.925, 100, 3, 2600, [N/A], 61, 1410, 5750, P2
2026/06/14 00:01:03.929, 100, 3, 2600, [N/A], 61, 1410, 5750, P2
2026/06/14 00:01:04.933, 100, 4, 2600, [N/A], 61, 1410, 5750, P2
2026/06/14 00:01:05.937, 100, 3, 2600, [N/A], 61, 1410, 5750, P2
2026/06/14 00:01:06.942, 100, 3, 2600, [N/A], 61, 1410, 5750, P2
2026/06/14 00:01:07.946, 100, 3, 2600, [N/A], 61, 1410, 5750, P2
2026/06/14 00:01:08.951, 100, 3, 2600, [N/A], 61, 1410, 5750, P2
2026/06/14 00:01:09.955, 100, 3, 2600, [N/A], 60, 1410, 5750, P2
2026/06/14 00:01:10.959, 100, 3, 2600, [N/A], 60, 1410, 5750, P2
2026/06/14 00:01:11.963, 100, 3, 2600, [N/A], 60, 1410, 5750, P2
2026/06/14 00:01:12.967, 100, 3, 2600, [N/A], 60, 1410, 5750, P2
2026/06/14 00:01:13.972, 100, 4, 2600, [N/A], 60, 1410, 5750, P2
2026/06/14 00:01:14.976, 100, 3, 2600, [N/A], 60, 1410, 5750, P2
2026/06/14 00:01:15.981, 100, 3, 2600, [N/A], 60, 1410, 5750, P2
2026/06/14 00:01:16.985, 100, 3, 2600, [N/A], 59, 1410, 5750, P2
2026/06/14 00:01:17.990, 100, 3, 2600, [N/A], 60, 1410, 5750, P2
2026/06/14 00:01:18.996, 100, 3, 2600, [N/A], 60, 1410, 5750, P2
2026/06/14 00:01:20.002, 100, 3, 2600, [N/A], 59, 1410, 5750, P2
2026/06/14 00:01:21.006, 100, 3, 2600, [N/A], 59, 1410, 5750, P2
2026/06/14 00:01:22.010, 100, 3, 2600, [N/A], 59, 1410, 5750, P2
2026/06/14 00:01:23.015, 100, 3, 2600, [N/A], 59, 1410, 5750, P2
2026/06/14 00:01:24.020, 100, 3, 2600, [N/A], 59, 1410, 5750, P2
2026/06/14 00:01:25.024, 100, 3, 2600, [N/A], 59, 1410, 5750, P2
2026/06/14 00:01:26.028, 100, 3, 2600, [N/A], 59, 1410, 5750, P2
2026/06/14 00:01:27.033, 100, 3, 2600, [N/A], 59, 1410, 5750, P2
2026/06/14 00:01:28.037, 100, 3, 2600, [N/A], 59, 1410, 5750, P2
2026/06/14 00:01:29.041, 100, 3, 2600, [N/A], 58, 1410, 5750, P2
2026/06/14 00:01:30.046, 100, 3, 2600, [N/A], 58, 1410, 5750, P2
2026/06/14 00:01:31.050, 100, 3, 2600, [N/A], 58, 1410, 5750, P2
2026/06/14 00:01:32.054, 100, 4, 2600, [N/A], 58, 1410, 5750, P2
2026/06/14 00:01:33.058, 100, 3, 2600, [N/A], 58, 1410, 5750, P2
2026/06/14 00:01:34.062, 100, 3, 2600, [N/A], 58, 1410, 5750, P2
2026/06/14 00:01:35.067, 100, 3, 2600, [N/A], 58, 1410, 5750, P2
2026/06/14 00:01:36.071, 100, 3, 2600, [N/A], 58, 1410, 5750, P2
2026/06/14 00:01:37.075, 100, 3, 2600, [N/A], 58, 1410, 5750, P2
2026/06/14 00:01:38.079, 100, 3, 2600, [N/A], 58, 1410, 5750, P2
2026/06/14 00:01:39.083, 100, 3, 2600, [N/A], 58, 1410, 5750, P2
2026/06/14 00:01:40.088, 100, 3, 2600, [N/A], 58, 1410, 5750, P2
2026/06/14 00:01:41.092, 100, 3, 2600, [N/A], 58, 1410, 5750, P2
